db_id,uniprot_accession,uniprot_id
DB00001,P00734,THRB
DB00006,P00734,THRB
DB00007,P30968,GNRHR
DB00010,Q02643,GHRHR
DB00014,P22888,LSHR
DB00017,P30988,CALCR
DB00035,P37288,V1AR
DB00035,P47901,V1BR
DB00050,P22888,LSHR
DB00050,P30968,GNRHR
DB00067,P37288,V1AR
DB00067,P30518,V2R
DB00067,P47901,V1BR
DB00091,P08183,MDR1
DB00091,Q96LZ3,CANB2
DB00093,P37288,V1AR
DB00094,P23945,FSHR
DB00104,P30872,SSR1
DB00104,P35346,SSR5
DB00104,P21452,NK2R
DB00106,P30968,GNRHR
DB00107,P01178,NEU1
DB00107,P48147,PPCE
DB00109,Q12882,DPYD
DB00114,P35520,CBS
DB00114,Q9BYV1,AGT2
DB00114,Q99259,DCE1
DB00114,Q16719,KYNU
DB00114,P34896,GLYC
DB00114,Q9Y697,NFS1
DB00114,P17174,AATC
DB00114,P04181,OAT
DB00114,P11926,DCOR
DB00114,Q8N5Z0,AADAT
DB00114,P80404,GABT
DB00114,Q9NVS9,PNPO
DB00114,O95470,SGPL1
DB00114,P17735,ATTY
DB00114,Q16773,KAT1
DB00114,Q8IYQ7,THNSL
DB00114,P06737,PYGL
DB00114,O15270,LCB2
DB00114,Q9Y600,CSAD
DB00114,P19113,DCHS
DB00114,Q96A70,ADC
DB00114,P20132,SDHL
DB00114,O75600,KBL
DB00114,P23378,GCSP
DB00114,P24298,ALAT1
DB00114,Q9Y617,SERC
DB00114,P13196,HEM1
DB00114,P21549,SPYA
DB00114,Q96GD0,PLPP
DB00114,O15269,LCB1
DB00114,P54687,BCAT1
DB00114,O15382,BCAT2
DB00114,O95954,FTCD
DB00114,P00505,AATM
DB00114,P11216,PYGB
DB00114,P11217,PYGM
DB00114,P20711,DDC
DB00114,P34897,GLYM
DB00114,Q2TU84,Q2TU84
DB00114,Q49AK1,Q49AK1
DB00114,Q53ET4,Q53ET4
DB00114,Q53ET7,Q53ET7
DB00114,Q59FK2,Q59FK2
DB00114,Q59GM9,Q59GM9
DB00114,Q59HE2,Q59HE2
DB00114,Q5BJF5,Q5BJF5
DB00114,Q5HYG8,Q5HYG8
DB00114,Q5JAM2,Q5JAM2
DB00114,Q5JWL9,Q5JWL9
DB00114,Q5T7G6,Q5T7G6
DB00114,Q5VZ30,Q5VZ30
DB00114,Q5W5T9,Q5W5T9
DB00114,Q6IAV9,Q6IAV9
DB00114,Q6IBS8,Q6IBS8
DB00114,Q6P996,Q6P996
DB00114,Q6YP21,KAT3
DB00114,Q6ZQY3,Q6ZQY3
DB00114,Q7L670,Q7L670
DB00114,Q86YJ9,Q86YJ9
DB00114,Q8IUZ5,AT2L2
DB00114,Q8IVA8,Q8IVA8
DB00114,Q8N1A5,Q8N1A5
DB00114,Q8N4L9,Q8N4L9
DB00114,Q8N6H3,Q8N6H3
DB00114,Q8TD30,ALAT2
DB00114,Q96EN8,MOCOS
DB00114,Q96GA7,SDSL
DB00114,Q96HY0,Q96HY0
DB00114,Q96JQ3,Q96JQ3
DB00114,Q9BXA1,Q9BXA1
DB00114,Q9GZT4,SRR
DB00114,Q9NZR7,Q9NZR7
DB00114,Q9UGI5,Q9UGI5
DB00114,Q9UJX1,Q9UJX1
DB00114,Q9Y602,Q9Y602
DB00115,P20061,TCO1
DB00115,Q9UBK8,MTRR
DB00115,P20062,TCO2
DB00115,Q8IVH4,MMAA
DB00115,O60494,CUBN
DB00115,P22033,MUTA
DB00116,P11586,C1TC
DB00116,P13995,MTDC
DB00116,P48728,GCST
DB00116,Q96IG6,Q96IG6
DB00116,O75891,FTHFD
DB00116,Q99707,METH
DB00116,O95954,FTCD
DB00116,P31939,PUR9
DB00116,P34896,GLYC
DB00116,P34897,GLYM
DB00116,P42898,MTHR
DB00116,Q53ET4,Q53ET4
DB00116,Q5BJF5,Q5BJF5
DB00116,Q5HYG8,Q5HYG8
DB00116,Q5SNW5,Q5SNW5
DB00116,Q8N1A5,Q8N1A5
DB00116,Q96DP5,FMT
DB00116,Q96HY0,Q96HY0
DB00116,Q9NY62,Q9NY62
DB00117,P19113,DCHS
DB00117,P12081,SYH
DB00117,P42357,HUTH
DB00118,P19623,SPEE
DB00118,P17707,DCAM
DB00118,P31153,METK2
DB00118,P35520,CBS
DB00118,Q00266,METK1
DB00118,Q9NZL9,MAT2B
DB00119,O15427,MOT4
DB00119,P36021,MOT8
DB00119,Q9BYV1,AGT2
DB00119,O15375,MOT6
DB00119,P30613,KPYR
DB00119,O15403,MOT7
DB00119,O60669,MOT2
DB00119,P14618,KPYM
DB00119,P80404,GABT
DB00119,O15374,MOT5
DB00119,O95907,MOT3
DB00119,P53985,MOT1
DB00119,P11498,PYC
DB00120,P17735,ATTY
DB00120,Q9UHI5,LAT2
DB00120,Q9Y285,SYFA
DB00120,P00439,PH4H
DB00120,O95363,SYFM
DB00120,Q9NSD9,SYFB
DB00120,P07101,TY3H
DB00121,P05166,PCCB
DB00121,P50747,BPL1
DB00121,Q9Y289,SC5A6
DB00121,Q9HCC0,MCCC2
DB00121,O00763,COA2
DB00121,Q96RQ3,MCCA
DB00121,P11498,PYC
DB00121,P05165,PCCA
DB00121,Q13085,COA1
DB00122,Q9Y5K3,PCY1B
DB00122,P22303,ACES
DB00122,P28329,CLAT
DB00122,P35790,CHKA
DB00122,Q8NE62,CHDH
DB00122,Q9GZV3,SC5A7
DB00122,P49585,PCY1A
DB00122,O14939,PLD2
DB00122,P06276,CHLE
DB00122,Q13393,PLD1
DB00122,Q8TCT1,PHOP1
DB00122,Q96BZ4,PLD4
DB00123,P30825,CTR1
DB00123,O43246,CTR4
DB00123,Q8WY07,CTR3
DB00123,P52569,CTR2
DB00123,Q15046,SYK
DB00125,Q8WY07,CTR3
DB00125,P81272,NOS2B
DB00125,Q96A70,ADC
DB00125,P04424,ARLY
DB00125,P35228,NOS2A
DB00125,P30825,CTR1
DB00125,Q14961,NOS2C
DB00125,P78540,ARGI2
DB00125,O43246,CTR4
DB00125,P00966,ASSY
DB00125,P29474,NOS3
DB00126,P13674,P4HA1
DB00126,Q9UHI7,S23A1
DB00126,Q02809,PLOD1
DB00126,O00469,PLOD2
DB00126,O60568,PLOD3
DB00126,O75936,BODG
DB00126,P09172,DOPO
DB00126,P19021,AMD
DB00126,Q32P28,P3H1
DB00126,Q6N063,Q6N063
DB00126,Q8IVL5,P3H2
DB00126,Q8IVL6,P3H3
DB00126,Q8N543,Q8N543
DB00126,Q96KS0,EGLN2
DB00126,Q9BY66,JAD1D
DB00126,Q9GZT9,EGLN1
DB00126,Q9H6Z9,EGLN3
DB00126,Q9NVH6,TMLH
DB00126,Q9NXG6,EGLX
DB00127,P21673,SAT1
DB00127,Q9NWM0,SMOX
DB00127,Q96F10,SAT2
DB00127,P19623,SPEE
DB00127,P52788,SPSY
DB00127,P11926,DCOR
DB00127,P19801,ABP1
DB00127,Q5TER2,Q5TER2
DB00128,Q9UJS0,CMC2
DB00128,P17174,AATC
DB00128,Q546F9,Q546F9
DB00128,P45381,ACY2
DB00128,P08243,ASNS
DB00128,P00966,ASSY
DB00128,Q03154,ACY1
DB00128,P00505,AATM
DB00128,P14868,SYDC
DB00128,O75746,CMC1
DB00128,Q12797,ASPH
DB00128,P22234,PUR6
DB00128,P27708,PYR1
DB00128,P30520,PURA2
DB00128,P43005,EAA3
DB00128,Q2TU84,Q2TU84
DB00128,Q53FL3,Q53FL3
DB00128,Q5SVJ2,Q5SVJ2
DB00128,Q5SY84,Q5SY84
DB00128,Q5T6L4,Q5T6L4
DB00128,Q6PI48,SYDM
DB00128,Q7L266,Q7L266
DB00128,Q8N142,PURA1
DB00128,Q96HD9,ACY3
DB00129,P04181,OAT
DB00129,P00480,OTC
DB00129,P05089,ARGI1
DB00129,P54368,OAZ1
DB00129,P52569,CTR2
DB00129,Q9BXI2,ORNT2
DB00129,O43246,CTR4
DB00129,P30825,CTR1
DB00129,P78540,ARGI2
DB00129,Q9Y619,ORNT1
DB00129,Q8WY07,CTR3
DB00129,O95190,OAZ2
DB00129,Q9UMX2,OAZ3
DB00130,Q15758,AAAT
DB00130,P49915,GUAA
DB00130,P08243,ASNS
DB00130,Q16773,KAT1
DB00130,Q9UI32,GLSL
DB00130,O94925,GLSK
DB00130,P17812,PYRG1
DB00130,Q06203,PUR1
DB00130,O15067,PUR4
DB00130,O75879,GATB
DB00130,O94808,GFPT2
DB00130,P15104,GLNA
DB00130,P27708,PYR1
DB00130,P47897,SYQ
DB00130,Q6IA69,NADE1
DB00130,Q9UHI5,LAT2
DB00131,P23109,AMPD1
DB00131,Q9Y478,AAKB1
DB00131,P07741,APT
DB00131,Q9NUB1,ACS2L
DB00131,Q9NR19,ACSA
DB00131,Q13131,AAPK1
DB00131,Q08828,ADCY1
DB00131,P33121,ACSL1
DB00131,P16220,CREB1
DB00131,P11309,PIM1
DB00131,Q07343,PDE4B
DB00131,P06737,PYGL
DB00131,Q08499,PDE4D
DB00131,P09467,F16P1
DB00131,Q8IV48,THEX1
DB00132,O15540,FABPB
DB00132,O60427,O60427
DB00132,O95864,O95864
DB00132,P32418,NAC1
DB00132,Q8NER1,TRPV1
DB00133,P35520,CBS
DB00133,P20132,SDHL
DB00133,Q9GZT4,SRR
DB00133,O15270,LCB2
DB00133,O15269,LCB1
DB00133,P49591,SYS
DB00133,P21549,SPYA
DB00134,P31153,METK2
DB00134,Q9UBK8,MTRR
DB00134,Q00266,METK1
DB00134,Q99707,METH
DB00134,Q9UJ68,MSRA
DB00134,P50579,AMPM2
DB00134,P56192,SYM
DB00134,Q93088,BHMT
DB00134,Q96GW9,SYMM
DB00134,Q9H2M3,BHMT2
DB00134,Q9NZL9,MAT2B
DB00135,P07101,TY3H
DB00135,Q9Y2Z4,SYYM
DB00135,P54577,SYYC
DB00135,P17735,ATTY
DB00136,O15528,CP27B
DB00136,P11473,VDR
DB00137,P02768,ALBU
DB00138,Q9UPY5,XCT
DB00138,P82251,BAT1
DB00138,Q07837,SLC31
DB00139,P31040,DHSA
DB00139,Q8WWT9,S13A3
DB00139,Q13183,S13A2
DB00139,Q9BZW2,S13A1
DB00139,Q96I99,SUCB2
DB00139,O14756,O14756
DB00139,O14521,DHSD
DB00139,O15460,P4HA2
DB00139,O60568,PLOD3
DB00139,O75936,BODG
DB00139,P13674,P4HA1
DB00139,P21912,DHSB
DB00139,P51649,SSDH
DB00139,P53597,SUCA
DB00139,P55809,SCOT
DB00139,Q02809,PLOD1
DB00139,Q12797,ASPH
DB00139,Q32P28,P3H1
DB00139,Q5T9Q6,Q5T9Q6
DB00139,Q8IVL5,P3H2
DB00139,Q8IVL6,P3H3
DB00139,Q99643,C560
DB00139,Q9BXA5,SUCR1
DB00139,Q9BYC2,SCOT2
DB00139,Q9NVH6,TMLH
DB00139,Q9P2R7,SUCB1
DB00139,Q9UBX3,DIC
DB00140,P30043,BLVRB
DB00140,Q969G6,RIFK
DB00140,P06737,PYGL
DB00141,P51606,RENBP
DB00141,P15291,B4GT1
DB00141,O60512,B4GT3
DB00141,O60513,B4GT4
DB00141,O60909,B4GT2
DB00142,P00367,DHE3
DB00142,P39086,GRIK1
DB00142,P42261,GRIA1
DB00142,Q04609,FOLH1
DB00142,Q05329,DCE2
DB00142,Q99259,DCE1
DB00142,O95954,FTCD
DB00142,P42262,GRIA2
DB00142,P42263,GRIA3
DB00142,P48058,GRIA4
DB00142,P54886,P5CS
DB00142,Q13002,GRIK2
DB00142,Q13003,GRIK3
DB00142,Q13255,MGR1
DB00142,Q14833,MGR4
DB00142,Q16099,GRIK4
DB00142,Q16478,GRIK5
DB00142,Q14831,MGR7
DB00142,O00222,MGR8
DB00142,O00341,EAA5
DB00142,O14841,OPLA
DB00142,O15067,PUR4
DB00142,O15382,BCAT2
DB00142,O15399,NMDE4
DB00142,O43424,GRID2
DB00142,O60391,NMD3B
DB00142,O75879,GATB
DB00142,O94925,GLSK
DB00142,P00505,AATM
DB00142,P07814,SYEP
DB00142,P08243,ASNS
DB00142,P15104,GLNA
DB00142,P17174,AATC
DB00142,P17735,ATTY
DB00142,P24298,ALAT1
DB00142,P38435,VKGC
DB00142,P43003,EAA1
DB00142,P43004,EAA2
DB00142,P43005,EAA3
DB00142,P48506,GSH1
DB00142,P48664,EAA4
DB00142,P49448,DHE4
DB00142,P49915,GUAA
DB00142,P54687,BCAT1
DB00142,P80404,GABT
DB00142,Q05586,NMDZ1
DB00142,Q05932,FOLC
DB00142,Q07075,AMPE
DB00142,Q12879,NMDE1
DB00142,Q13224,NMDE2
DB00142,Q14957,NMDE3
DB00142,Q2TU84,Q2TU84
DB00142,Q53FL3,Q53FL3
DB00142,Q5JPH6,SYEM
DB00142,Q5TDP6,GLUD1
DB00142,Q6IA69,NADE1
DB00142,Q6YP21,KAT3
DB00142,Q8N159,NAGS
DB00142,Q8N5Z0,AADAT
DB00142,Q8TCU5,NMD3A
DB00142,Q8TD30,ALAT2
DB00142,Q92820,GGH
DB00142,Q9H1K4,GHC2
DB00142,Q9H936,GHC1
DB00142,Q9UDR5,AASS
DB00142,Q9UI32,GLSL
DB00142,Q9ULA0,DNPEP
DB00142,Q9ULK0,GRID1
DB00142,Q9UPY5,XCT
DB00142,Q9Y5X6,Q9Y5X6
DB00142,Q9Y617,SERC
DB00143,P00390,GSHR
DB00143,P48637,GSHB
DB00143,P09488,GSTM1
DB00143,Q9Y2Q3,GSTK1
DB00143,Q16772,GSTA3
DB00143,P21266,GSTM3
DB00143,O15217,GSTA4
DB00143,Q03013,GSTM4
DB00143,Q7RTV2,GSTA5
DB00143,P09211,GSTP1
DB00143,P78417,GSTO1
DB00143,P07203,GPX1
DB00143,P18283,GPX2
DB00143,O43708,MAAI
DB00143,O75715,GPX5
DB00143,P22352,GPX3
DB00143,Q04760,LGUL
DB00143,Q16873,LTC4S
DB00143,O95881,TXD12
DB00143,P08263,GSTA1
DB00143,P09210,GSTA2
DB00143,P19440,GGT1
DB00143,P28161,GSTM2
DB00143,P35754,GLRX1
DB00143,P36969,GPX4
DB00143,P46439,GSTM5
DB00143,P59796,GPX6
DB00143,Q6NSD4,Q6NSD4
DB00143,Q6PI42,Q6PI42
DB00143,Q8TED1,Q8TED1
DB00143,Q96SL4,GPX7
DB00143,Q99735,MGST2
DB00143,Q9H4Y5,GSTO2
DB00143,Q9NS18,GLRX2
DB00144,Q9Y6T7,DGKB
DB00144,Q9UG56,PISD
DB00144,P17252,KPCA
DB00144,O00443,P3C2A
DB00144,P46100,ATRX
DB00144,P49619,DGKG
DB00144,Q16760,DGKD
DB00144,Q8N3E9,Q8N3E9
DB00144,Q9Y2Q0,AT8A1
DB00145,P48637,GSHB
DB00145,P23415,GLRA1
DB00145,P21549,SPYA
DB00145,P48167,GLRB
DB00145,P34896,GLYC
DB00145,O75311,GLRA3
DB00145,P23416,GLRA2
DB00145,P34897,GLYM
DB00145,O60391,NMD3B
DB00145,P23378,GCSP
DB00145,P48067,SC6A9
DB00145,O75600,KBL
DB00145,P13196,HEM1
DB00145,P22557,HEM0
DB00145,P41250,SYG
DB00145,Q12879,NMDE1
DB00145,Q14032,BAAT
DB00145,Q14330,GPR18
DB00145,Q14957,NMDE3
DB00145,Q53ET4,Q53ET4
DB00145,Q5BJF5,Q5BJF5
DB00145,Q5HYG8,Q5HYG8
DB00145,Q8N1A5,Q8N1A5
DB00145,Q9BYV1,AGT2
DB00145,Q9P0Z9,SOX
DB00145,Q9Y345,SC6A5
DB00146,O15528,CP27B
DB00146,P11473,VDR
DB00147,O00764,PDXK
DB00147,Q96GD0,PLPP
DB00148,P48029,SC6A8
DB00148,P06732,KCRM
DB00148,P12532,KCRU
DB00148,P12277,KCRB
DB00148,P17540,KCRS
DB00149,Q15031,SYLM
DB00149,Q9P2J5,SYLC
DB00149,O15382,BCAT2
DB00149,P54687,BCAT1
DB00150,Q8IWU9,TPH2
DB00150,P23381,SYW
DB00150,P14902,I23O
DB00150,P17752,TPH1
DB00150,P20711,DDC
DB00150,Q9UGM6,SYWM
DB00151,P49589,SYCC
DB00151,P48506,GSH1
DB00151,Q16857,Q16857
DB00151,P17174,AATC
DB00151,P35520,CBS
DB00151,Q16878,CDO1
DB00151,P16455,MGMT
DB00151,P48637,GSHB
DB00151,Q9BZV2,S19A3
DB00151,Q9HA77,SYCM
DB00151,Q9Y600,CSAD
DB00151,Q9Y697,NFS1
DB00152,Q9H3S4,TPK1
DB00152,Q9BZV2,S19A3
DB00153,O15528,CP27B
DB00153,P11473,VDR
DB00153,Q6VVX0,CP2R1
DB00154,P35354,PGH2
DB00154,P23219,PGH1
DB00154,O15540,FABPB
DB00155,P29474,NOS3
DB00155,P00966,ASSY
DB00155,Q5T6L4,Q5T6L4
DB00155,P81272,NOS2B
DB00155,P00480,OTC
DB00155,P29475,NOS1
DB00155,P35228,NOS2A
DB00155,Q9UM07,PADI4
DB00155,Q14961,NOS2C
DB00155,Q6TGC4,PADI6
DB00155,Q9ULC6,PADI1
DB00155,Q9ULW8,PADI3
DB00155,Q9Y2J8,PADI2
DB00156,Q8IYQ7,THNSL
DB00156,P26639,SYTC
DB00156,Q9BW92,SYTM
DB00157,P07327,ADH1A
DB00157,Q00796,DHSO
DB00157,P08319,ADH4
DB00157,P00326,ADH1G
DB00157,P00325,ADH1B
DB00157,P40394,ADH7
DB00157,P21695,GPDA
DB00157,Q6ZMR3,LDH6A
DB00157,P11766,ADHX
DB00157,P15121,ALDR
DB00157,Q99714,HCD2
DB00157,P40926,MDHM
DB00157,P00338,LDHA
DB00157,P23368,MAOM
DB00157,P51659,DHB4
DB00157,Q9BYZ2,LDH6B
DB00157,P07864,LDHC
DB00157,P07195,LDHB
DB00157,Q08426,ECHP
DB00157,Q16836,HCDH
DB00157,Q16798,MAON
DB00157,Q02338,BDH
DB00157,P40925,MDHC
DB00157,P31937,3HIDH
DB00157,P37058,DHB3
DB00157,P04035,HMDH
DB00157,P48163,MAOX
DB00157,O43175,SERA
DB00157,P56937,DHB7
DB00157,P51553,IDH3G
DB00157,O43837,IDH3B
DB00157,P50213,IDH3A
DB00157,P14061,DHB1
DB00157,P37059,DHB2
DB00157,Q92781,RDH1
DB00157,O95479,G6PE
DB00157,Q92506,DHB8
DB00157,P17516,AK1C4
DB00157,P12268,IMDH2
DB00157,P42330,AK1C3
DB00157,P15428,PGDH
DB00157,Q13630,FCL
DB00157,Q04828,AK1C1
DB00157,P28845,DHI1
DB00157,P26439,3BHS2
DB00157,P14060,3BHS1
DB00157,P20839,IMDH1
DB00157,P40939,ECHA
DB00157,P05091,ALDH2
DB00157,P80365,DHI2
DB00157,P52895,AK1C2
DB00157,Q15738,NSDHL
DB00157,P48448,AL3B2
DB00157,Q02252,MMSA
DB00157,P30838,AL3A1
DB00157,P00352,AL1A1
DB00157,O14556,G3PT
DB00157,P49189,AL9A1
DB00157,P47895,AL1A3
DB00157,P30837,AL1B1
DB00157,P43353,AL3B1
DB00157,P04406,G3P
DB00157,O94788,AL1A2
DB00157,P51648,AL3A2
DB00157,P51649,SSDH
DB00157,P49419,AL7A1
DB00157,P30043,BLVRB
DB00157,Q96C36,P5CR2
DB00157,P32322,P5CR1
DB00157,P00367,DHE3
DB00157,P29803,ODPAT
DB00157,P08559,ODPA
DB00157,P53004,BIEA
DB00157,P16219,ACADS
DB00157,P00374,DYR
DB00157,Q02218,ODO1
DB00157,P49448,DHE4
DB00157,P16083,NQO2
DB00157,P03891,NU2M
DB00157,Q9UDR5,AASS
DB00157,P03897,NU3M
DB00157,O75251,NDUS7
DB00157,P11586,C1TC
DB00157,P13995,MTDC
DB00157,P30038,AL4A1
DB00157,P00387,NCB5R
DB00157,P03905,NU4M
DB00157,P09417,DHPR
DB00157,Q13423,NNTM
DB00157,Q16718,NDUA5
DB00157,Q16795,NDUA9
DB00157,P03901,NU4LM
DB00157,O95299,NDUAA
DB00157,O95182,NDUA7
DB00157,P03923,NU6M
DB00157,P03915,NU5M
DB00157,P56556,NDUA6
DB00157,O14561,ACPM
DB00157,O95169,NDUB8
DB00157,O95298,NDUC2
DB00157,P28331,NDUS1
DB00157,O95168,NDUB4
DB00157,P17568,NDUB7
DB00157,Q9Y6M9,NDUB9
DB00157,O75306,NDUS2
DB00157,P09622,DLDH
DB00157,O75489,NDUS3
DB00157,P00390,GSHR
DB00157,Q9UI09,NDUAC
DB00157,O43181,NDUS4
DB00157,P49821,NDUV1
DB00157,P19404,NDUV2
DB00157,Q16878,CDO1
DB00157,Q9NRX3,NUA4L
DB00157,O00217,NDUS8
DB00157,Q02928,CP4AB
DB00157,P10515,ODP2
DB00157,P48728,GCST
DB00157,Q15800,ERG25
DB00157,P09601,HMOX1
DB00157,P30519,HMOX2
DB00157,P05093,CP17A
DB00157,P14679,TYRO
DB00158,Q92820,GGH
DB00158,Q9H2D1,MFTC
DB00158,Q96NT5,HCP1
DB00159,P35354,PGH2
DB00159,P23219,PGH1
DB00159,O14842,FFAR1
DB00159,O15540,FABPB
DB00159,O60427,O60427
DB00159,O60488,ACSL4
DB00159,O95573,ACSL3
DB00159,P32418,NAC1
DB00159,P37231,PPARG
DB00159,Q03181,PPARD
DB00159,Q8NER1,TRPV1
DB00160,P21549,SPYA
DB00160,P24298,ALAT1
DB00160,Q9Y697,NFS1
DB00160,Q9UHI5,LAT2
DB00160,Q9BYV1,AGT2
DB00160,P43007,SATT
DB00160,P80404,GABT
DB00160,Q16719,KYNU
DB00160,Q5JTZ9,SYAM
DB00160,Q8IUZ5,AT2L2
DB00160,Q8TD30,ALAT2
DB00161,P05166,PCCB
DB00161,P54687,BCAT1
DB00161,P26640,SYV
DB00162,Q96NR8,RDH12
DB00162,P09455,RET1
DB00162,Q92781,RDH1
DB00162,Q8NBN7,RDH13
DB00162,P10745,IRBP
DB00162,P82980,RET5
DB00162,Q96R05,RET7
DB00162,P02753,RETBP
DB00162,P50120,RET2
DB00162,O94788,AL1A2
DB00162,P00352,AL1A1
DB00162,P12271,CRAL
DB00162,O75911,DHRS3
DB00162,P47895,AL1A3
DB00162,Q6NUM9,RETST
DB00162,Q8TC12,RDH11
DB00162,Q9BTZ2,DHRS4
DB00162,Q9HBH5,RDH14
DB00162,Q9NYR8,Q9NYR8
DB00163,Q9UDX3,S14L4
DB00163,Q9UDX4,S14L3
DB00163,O76054,S14L2
DB00163,O75469,PXR
DB00163,P05771,KPCB
DB00163,P09917,LOX5
DB00163,P17252,KPCA
DB00163,P23743,DGKA
DB00163,P62714,PP2AB
DB00163,P67775,PP2AA
DB00163,P49638,TTPA
DB00165,Q96GD0,PLPP
DB00165,O00764,PDXK
DB00165,P35520,CBS
DB00165,Q9Y617,SERC
DB00165,P02768,ALBU
DB00165,P49419,AL7A1
DB00166,Q9Y234,LIPB
DB00166,Q9Y289,SC5A6
DB00166,O43766,LIAS
DB00167,Q5TCD1,Q5TCD1
DB00167,P45954,ACDSB
DB00167,P54687,BCAT1
DB00167,O15382,BCAT2
DB00167,P41252,SYIC
DB00167,Q9NSE4,SYIM
DB00168,Q8TE23,TS1R2
DB00168,Q7RTX0,TS1R3
DB00168,Q8NER1,TRPV1
DB00169,Q02318,CP27A
DB00169,Q6VVX0,CP2R1
DB00169,P02774,VTDB
DB00170,P22891,PROZ
DB00170,P00734,THRB
DB00170,P00740,FA9
DB00170,P08709,FA7
DB00170,P00742,FA10
DB00170,P38435,VKGC
DB00170,P04070,PROC
DB00170,P07225,PROS
DB00170,P15559,NQO1
DB00170,P16083,NQO2
DB00171,P42684,ABL2
DB00171,O95477,ABCA1
DB00171,Q9NR19,ACSA
DB00171,Q9UM73,ALK
DB00171,O43931,AFG31
DB00171,Q13564,ULA1
DB00171,Q13131,AAPK1
DB00171,P10398,ARAF
DB00171,P37023,ACVL1
DB00171,P33121,ACSL1
DB00171,O43681,ARSA1
DB00171,O60706,ABCC9
DB00171,P31749,AKT1
DB00171,P25098,ARBK1
DB00171,O14727,APAF
DB00171,Q9NUB1,ACS2L
DB00171,P36896,ACV1B
DB00171,Q04771,ACVR1
DB00171,O95342,ABCBB
DB00171,P08243,ASNS
DB00171,Q96Q40,AL2S7
DB00171,P12235,ADT1
DB00171,Q09428,ABCC8
DB00171,P00966,ASSY
DB00171,Q9Y4W6,AFG32
DB00171,P35626,ARBK2
DB00171,Q16671,AMHR2
DB00171,Q07912,ACK1
DB00171,P00519,ABL1
DB00171,Q08828,ADCY1
DB00171,P08183,MDR1
DB00171,P45844,ABCG1
DB00171,Q92887,MRP2
DB00172,P32322,P5CR1
DB00172,P07814,SYEP
DB00172,Q9UN76,S6A14
DB00172,Q99884,SC6A7
DB00172,Q96C36,P5CR2
DB00172,O15460,P4HA2
DB00172,O43272,PROD
DB00172,P13674,P4HA1
DB00172,Q32P28,P3H1
DB00172,Q4W8W1,Q4W8W1
DB00172,Q7L3T8,SYPM
DB00172,Q8IVL5,P3H2
DB00172,Q8IVL6,P3H3
DB00172,Q8N3N9,Q8N3N9
DB00172,Q96HX4,Q96HX4
DB00173,P07741,APT
DB00173,Q9BY49,PECR
DB00174,Q15758,AAAT
DB00174,P08243,ASNS
DB00174,O43776,SYNC
DB00174,Q7L266,Q7L266
DB00174,Q96I59,SYNM
DB00175,Q92887,MRP2
DB00175,P04035,HMDH
DB00175,P53609,PGT1
DB00175,P63000,RAC1
DB00175,Q9Y6L6,SO1B1
DB00176,P31645,SC6A4
DB00176,P08908,5HT1A
DB00176,P28223,5HT2A
DB00177,P30556,AGTR1
DB00178,P22966,ACET
DB00178,P12821,ACE
DB00179,P16050,LOX15
DB00179,P09917,LOX5
DB00180,P08185,CBG
DB00180,P47712,PA24A
DB00180,P04150,GCR
DB00181,Q9UBS5,GABR1
DB00181,O75899,GABR2
DB00182,P35348,ADA1A
DB00182,P08913,ADA2A
DB00182,Q01959,SC6A3
DB00182,Q96RJ0,TAAR1
DB00183,P32239,GASR
DB00184,Q15822,ACHA2
DB00184,Q14416,MGR2
DB00184,P17787,ACHB2
DB00184,P36544,ACHA7
DB00184,P43681,ACHA4
DB00184,Q14832,MGR3
DB00184,Q9GZZ6,ACH10
DB00184,Q9UGM1,ACHA9
DB00185,P11229,ACM1
DB00185,P20309,ACM3
DB00186,P14867,GBRA1
DB00186,P18505,GBRB1
DB00186,P28472,GBRB3
DB00186,P31644,GBRA5
DB00186,P34903,GBRA3
DB00186,P47869,GBRA2
DB00186,P47870,GBRB2
DB00186,P48169,GBRA4
DB00186,Q16445,GBRA6
DB00187,P08588,ADRB1
DB00188,Q13200,PSMD2
DB00188,Q99460,PSMD1
DB00188,P20618,PSB1
DB00188,P28074,PSB5
DB00188,P49721,PSB2
DB00189,P14867,GBRA1
DB00189,P18505,GBRB1
DB00189,P28472,GBRB3
DB00189,P31644,GBRA5
DB00189,P34903,GBRA3
DB00189,P47869,GBRA2
DB00189,P47870,GBRB2
DB00189,P48169,GBRA4
DB00189,Q16445,GBRA6
DB00190,P20711,DDC
DB00191,P23975,SC6A2
DB00191,Q01959,SC6A3
DB00191,P21397,AOFA
DB00191,P27338,AOFB
DB00191,P31645,SC6A4
DB00192,Q14524,SCN5A
DB00193,P35372,OPRM
DB00193,P23975,SC6A2
DB00193,P28335,5HT2C
DB00193,P41145,OPRK
DB00193,P31645,SC6A4
DB00195,P08588,ADRB1
DB00196,Q16850,CP51A
DB00197,P37231,PPARG
DB00197,O60488,ACSL4
DB00197,P05121,PAI1
DB00197,Q99808,S29A1
DB00200,P20062,TCO2
DB00200,Q8IVH4,MMAA
DB00200,P20061,TCO1
DB00200,P22033,MUTA
DB00200,Q9UBK8,MTRR
DB00200,Q99707,METH
DB00200,O60494,CUBN
DB00201,P30542,AA1R
DB00201,Q07343,PDE4B
DB00201,P29274,AA2AR
DB00202,P11229,ACM1
DB00203,O76074,PDE5A
DB00203,O00408,PDE2A
DB00204,O95069,KCNK2
DB00204,Q12809,KCNH2
DB00204,Q14500,IRK12
DB00205,P00374,DYR
DB00206,Q05940,VMAT2
DB00208,Q9H244,P2Y12
DB00209,P11229,ACM1
DB00210,P10276,RARA
DB00210,P22932,RARG2
DB00210,P28702,RXRB
DB00210,P13631,RARG1
DB00210,P10826,RARB
DB00210,P48443,RXRG
DB00210,P19793,RXRA
DB00211,P35348,ADA1A
DB00211,P35368,ADA1B
DB00212,P00797,RENI
DB00213,P05023,AT1A1
DB00213,P54707,AT12A
DB00213,P20648,ATP4A
DB00214,Q13621,S12A1
DB00215,P31645,SC6A4
DB00216,P28221,5HT1D
DB00216,P34969,5HT7R
DB00216,P08908,5HT1A
DB00216,P28566,5HT1E
DB00216,P41595,5HT2B
DB00216,P30939,5HT1F
DB00216,P28222,5HT1B
DB00217,P35348,ADA1A
DB00217,P18825,ADA2C
DB00217,P23975,SC6A2
DB00217,P25100,ADA1D
DB00217,P08913,ADA2A
DB00217,P18089,ADA2B
DB00217,P35368,ADA1B
DB00218,P11388,TOP2A
DB00219,P11229,ACM1
DB00221,P08588,ADRB1
DB00222,P48048,IRK1
DB00222,Q14654,IRK11
DB00223,P04083,ANXA1
DB00226,P35348,ADA1A
DB00226,P18825,ADA2C
DB00226,P23975,SC6A2
DB00226,P25100,ADA1D
DB00226,P08913,ADA2A
DB00226,P18089,ADA2B
DB00226,P35368,ADA1B
DB00227,P04035,HMDH
DB00228,P98194,AT2C1
DB00228,P23415,GLRA1
DB00228,P42261,GRIA1
DB00228,P14867,GBRA1
DB00228,Q09470,KCNA1
DB00228,P30049,ATPD
DB00228,Q12791,KCMA1
DB00230,O00555,CAC1A
DB00232,Q13621,S12A1
DB00232,P05023,AT1A1
DB00232,P22748,CAH4
DB00232,Q12791,KCMA1
DB00232,P00918,CAH2
DB00232,P00915,CAH1
DB00234,P23975,SC6A2
DB00235,Q14432,PDE3A
DB00235,P27815,PDE4A
DB00237,P14867,GBRA1
DB00240,P08185,CBG
DB00240,P04083,ANXA1
DB00241,P14867,GBRA1
DB00242,P00491,PNPH
DB00242,P00813,ADA
DB00243,P08183,MDR1
DB00244,P23219,PGH1
DB00244,P35354,PGH2
DB00245,P11229,ACM1
DB00245,Q01959,SC6A3
DB00246,P35348,ADA1A
DB00246,P14416,DRD2
DB00246,P28335,5HT2C
DB00246,P35462,DRD3
DB00246,P08908,5HT1A
DB00246,P28221,5HT1D
DB00246,P35367,HRH1
DB00246,P28223,5HT2A
DB00246,P21917,DRD4
DB00246,P34969,5HT7R
DB00246,P08588,ADRB1
DB00247,P28223,5HT2A
DB00247,P08908,5HT1A
DB00247,P34969,5HT7R
DB00247,P28335,5HT2C
DB00248,P14416,DRD2
DB00250,P00374,DYR
DB00251,Q16850,CP51A
DB00252,Q14524,SCN5A
DB00252,P35498,SCN1A
DB00253,P47712,PA24A
DB00253,P08185,CBG
DB00255,P03372,ESR1
DB00255,P62508,ERR3
DB00255,P02766,TTHY
DB00257,O15554,KCNN4
DB00261,Q14432,PDE3A
DB00262,P00390,GSHR
DB00264,P08588,ADRB1
DB00266,P15559,NQO1
DB00266,Q08257,QOR
DB00268,P14416,DRD2
DB00268,P35462,DRD3
DB00268,P21917,DRD4
DB00269,P03372,ESR1
DB00270,Q13936,CAC1C
DB00272,P25021,HRH2
DB00273,P14867,GBRA1
DB00273,P35498,SCN1A
DB00273,P00918,CAH2
DB00273,P22748,CAH4
DB00273,P39086,GRIK1
DB00275,P30556,AGTR1
DB00276,P11388,TOP2A
DB00276,Q12809,KCNH2
DB00277,Q14432,PDE3A
DB00277,Q07343,PDE4B
DB00277,P29275,AA2BR
DB00277,P27815,PDE4A
DB00277,O76074,PDE5A
DB00277,P30542,AA1R
DB00277,P29274,AA2AR
DB00278,P00734,THRB
DB00279,P10828,THB1
DB00279,P10827,THA
DB00279,P05543,THBG
DB00279,P02766,TTHY
DB00279,P02768,ALBU
DB00279,P37243,THB2
DB00280,Q14524,SCN5A
DB00280,P02763,A1AG1
DB00281,Q14524,SCN5A
DB00281,Q9Y5Y9,SC10A
DB00281,P00533,EGFR
DB00281,Q15858,SCN9A
DB00283,P35367,HRH1
DB00284,O43451,MGA
DB00284,P10253,LYAG
DB00284,P14410,SUIS
DB00284,P04746,AMYP
DB00285,P31645,SC6A4
DB00285,P23975,SC6A2
DB00285,P08908,5HT1A
DB00285,P28222,5HT1B
DB00285,P28223,5HT2A
DB00286,P03372,ESR1
DB00287,P43088,PF2R
DB00288,P04150,GCR
DB00288,P04083,ANXA1
DB00289,P23975,SC6A2
DB00290,P49916,DNL3
DB00290,P18858,DNL1
DB00292,P14867,GBRA1
DB00292,P11166,GTR1
DB00293,P04818,TYSY
DB00294,P03372,ESR1
DB00294,P06401,PRGR
DB00295,P35372,OPRM
DB00295,P41143,OPRD
DB00295,P41145,OPRK
DB00296,Q9Y5Y9,SC10A
DB00297,Q9Y5Y9,SC10A
DB00297,P34995,PE2R1
DB00298,P35348,ADA1A
DB00298,P25100,ADA1D
DB00298,P35368,ADA1B
DB00302,P00747,PLMN
DB00302,P00750,TPA
DB00304,P06401,PRGR
DB00304,P03372,ESR1
DB00306,P14867,GBRA1
DB00307,P28702,RXRB
DB00308,Q9H252,KCNH6
DB00308,Q02641,CACB1
DB00308,Q06432,CCG1
DB00308,Q12809,KCNH2
DB00308,Q13936,CAC1C
DB00308,O00180,KCNK1
DB00308,Q9Y257,KCNK6
DB00308,Q14654,IRK11
DB00308,Q9NS40,KCNH7
DB00309,Q9H4B7,TBB1
DB00310,Q13621,S12A1
DB00311,P00915,CAH1
DB00312,P14867,GBRA1
DB00313,P80404,GABT
DB00313,P45954,ACDSB
DB00315,P28221,5HT1D
DB00315,P28222,5HT1B
DB00315,P30939,5HT1F
DB00315,Q13639,5HT4R
DB00316,P23219,PGH1
DB00316,P35354,PGH2
DB00317,P00533,EGFR
DB00318,P35372,OPRM
DB00318,P41143,OPRD
DB00318,P41145,OPRK
DB00320,P28221,5HT1D
DB00320,P28222,5HT1B
DB00320,P28223,5HT2A
DB00321,P31645,SC6A4
DB00321,P23975,SC6A2
DB00321,O43526,KCNQ2
DB00321,P08913,ADA2A
DB00322,P04818,TYSY
DB00323,P21964,COMT
DB00324,P47712,PA24A
DB00324,P08185,CBG
DB00325,P16066,ANPRA
DB00327,P35372,OPRM
DB00327,P41143,OPRD
DB00327,P41145,OPRK
DB00328,P23219,PGH1
DB00328,P35354,PGH2
DB00331,Q9Y478,AAKB1
DB00332,P11229,ACM1
DB00332,P08172,ACM2
DB00333,Q8TCU5,NMD3A
DB00333,P35372,OPRM
DB00333,Q9GZZ6,ACH10
DB00334,P08912,ACM5
DB00334,P21728,DRD1
DB00334,P11229,ACM1
DB00334,P20309,ACM3
DB00334,P28223,5HT2A
DB00334,P21917,DRD4
DB00334,P35367,HRH1
DB00334,P08173,ACM4
DB00334,P08172,ACM2
DB00334,P14416,DRD2
DB00334,P28335,5HT2C
DB00334,P35462,DRD3
DB00334,P35368,ADA1B
DB00335,P08588,ADRB1
DB00337,P63098,CANB1
DB00338,P20648,ATP4A
DB00339,P49327,FAS
DB00340,P08172,ACM2
DB00340,P11229,ACM1
DB00340,P08173,ACM4
DB00340,P08912,ACM5
DB00340,P20309,ACM3
DB00341,P35367,HRH1
DB00342,P35367,HRH1
DB00342,Q12809,KCNH2
DB00343,Q06432,CCG1
DB00344,P23975,SC6A2
DB00344,P31645,SC6A4
DB00346,P35348,ADA1A
DB00346,P35368,ADA1B
DB00346,P25100,ADA1D
DB00347,O43497,CAC1G
DB00348,P32754,HPPD
DB00349,P14867,GBRA1
DB00350,P48048,IRK1
DB00350,P23219,PGH1
DB00350,Q02809,PLOD1
DB00351,P06401,PRGR
DB00351,P03372,ESR1
DB00352,P00492,HPRT
DB00352,P20839,IMDH1
DB00352,Q06203,PUR1
DB00353,P21728,DRD1
DB00354,P35367,HRH1
DB00354,P11229,ACM1
DB00356,Q12791,KCMA1
DB00357,P11511,CP19A
DB00358,P69905,HBA
DB00360,P00439,PH4H
DB00360,P29474,NOS3
DB00360,P07101,TY3H
DB00360,P17752,TPH1
DB00361,P07437,TBB2
DB00363,P21917,DRD4
DB00363,P35367,HRH1
DB00363,P14416,DRD2
DB00363,Q9NYX4,D1IP
DB00363,Q9H3N8,HRH4
DB00363,P28223,5HT2A
DB00363,P08908,5HT1A
DB00363,P28335,5HT2C
DB00363,P21728,DRD1
DB00364,P02768,ALBU
DB00366,P35367,HRH1
DB00366,P11229,ACM1
DB00367,P06401,PRGR
DB00367,P03372,ESR1
DB00368,P00439,PH4H
DB00368,P23975,SC6A2
DB00368,P35348,ADA1A
DB00368,P35368,ADA1B
DB00368,P25100,ADA1D
DB00368,P08913,ADA2A
DB00368,P18089,ADA2B
DB00368,P18825,ADA2C
DB00368,P08588,ADRB1
DB00368,P07550,ADRB2
DB00368,P13945,ADRB3
DB00370,P28223,5HT2A
DB00370,P46098,5HT3R
DB00370,P08913,ADA2A
DB00370,P28335,5HT2C
DB00370,P08908,5HT1A
DB00370,P41145,OPRK
DB00370,P35367,HRH1
DB00371,P14867,GBRA1
DB00371,P47869,GBRA2
DB00371,P34903,GBRA3
DB00371,P48169,GBRA4
DB00371,P31644,GBRA5
DB00371,Q16445,GBRA6
DB00372,P08912,ACM5
DB00372,P21728,DRD1
DB00372,P11229,ACM1
DB00372,P20309,ACM3
DB00372,P28223,5HT2A
DB00372,P21917,DRD4
DB00372,P35367,HRH1
DB00372,P08173,ACM4
DB00372,P08172,ACM2
DB00372,P14416,DRD2
DB00372,P28335,5HT2C
DB00373,P08588,ADRB1
DB00373,P07550,ADRB2
DB00374,P55773,CCL23
DB00374,Q9H244,P2Y12
DB00374,Q03181,PPARD
DB00376,P11229,ACM1
DB00377,P46098,5HT3R
DB00378,P06401,PRGR
DB00379,Q14524,SCN5A
DB00380,P11388,TOP2A
DB00381,P00915,CAH1
DB00381,Q06432,CCG1
DB00381,Q00975,CAC1B
DB00382,P22303,ACES
DB00383,P11229,ACM1
DB00383,P08172,ACM2
DB00383,P20309,ACM3
DB00384,P51170,SCNNG
DB00384,P37088,SCNNA
DB00384,P51168,SCNNB
DB00384,P51172,SCNND
DB00385,P11388,TOP2A
DB00387,P11229,ACM1
DB00387,P08172,ACM2
DB00387,P08173,ACM4
DB00388,P35348,ADA1A
DB00388,P35368,ADA1B
DB00389,P07202,PERT
DB00390,P05023,AT1A1
DB00390,Q9Y6L6,SO1B1
DB00391,P14416,DRD2
DB00392,Q8TCU5,NMD3A
DB00392,P11229,ACM1
DB00393,Q06432,CCG1
DB00394,P08185,CBG
DB00394,P04083,ANXA1
DB00396,P06401,PRGR
DB00396,P03372,ESR1
DB00396,P05093,CP17A
DB00397,P35348,ADA1A
DB00397,P08913,ADA2A
DB00398,P15056,BRAF1
DB00398,P36888,FLT3
DB00398,P04049,RAF1
DB00398,P35916,VGFR3
DB00398,P09619,PGFRB
DB00398,P10721,KIT
DB00398,P35968,VGFR2
DB00401,O00555,CAC1A
DB00403,P32238,CCKAR
DB00404,P14867,GBRA1
DB00404,Q16445,GBRA6
DB00404,P34903,GBRA3
DB00404,P48169,GBRA4
DB00404,P31644,GBRA5
DB00404,P47869,GBRA2
DB00405,P35367,HRH1
DB00407,P05546,HEP2
DB00408,P21728,DRD1
DB00408,P14416,DRD2
DB00409,P14416,DRD2
DB00411,P11229,ACM1
DB00411,P08172,ACM2
DB00411,Q15822,ACHA2
DB00412,P37231,PPARG
DB00413,P35462,DRD3
DB00413,P21917,DRD4
DB00413,P14416,DRD2
DB00414,P48048,IRK1
DB00416,Q15822,ACHA2
DB00418,P14867,GBRA1
DB00420,P14416,DRD2
DB00420,P08173,ACM4
DB00420,P08172,ACM2
DB00420,P20309,ACM3
DB00420,P35368,ADA1B
DB00420,P21728,DRD1
DB00420,P08912,ACM5
DB00420,P28223,5HT2A
DB00420,P28335,5HT2C
DB00420,P35348,ADA1A
DB00420,P11229,ACM1
DB00420,P21917,DRD4
DB00420,P35367,HRH1
DB00420,P25100,ADA1D
DB00421,P30556,AGTR1
DB00421,P08235,MCR
DB00422,Q01959,SC6A3
DB00422,P23975,SC6A2
DB00422,P31645,SC6A4
DB00424,P11229,ACM1
DB00424,P08172,ACM2
DB00425,P14867,GBRA1
DB00427,P35367,HRH1
DB00429,P34995,PE2R1
DB00432,P04818,TYSY
DB00433,P14416,DRD2
DB00433,P28223,5HT2A
DB00433,P35367,HRH1
DB00433,P21728,DRD1
DB00434,P28223,5HT2A
DB00434,P35367,HRH1
DB00435,P16066,ANPRA
DB00436,P55017,S12A3
DB00436,P00915,CAH1
DB00436,P00918,CAH2
DB00436,P22748,CAH4
DB00436,Q12791,KCMA1
DB00437,P47989,XDH
DB00439,P04035,HMDH
DB00440,P00374,DYR
DB00441,P23921,RIR1
DB00441,P30085,KCY
DB00441,P04818,TYSY
DB00443,P04150,GCR
DB00443,P04083,ANXA1
DB00444,P11388,TOP2A
DB00445,O14646,CHD1
DB00445,P11388,TOP2A
DB00448,P20648,ATP4A
DB00449,P08913,ADA2A
DB00450,P14416,DRD2
DB00451,P02766,TTHY
DB00451,P10827,THA
DB00451,P05543,THBG
DB00451,P02768,ALBU
DB00451,P10828,THB1
DB00452,P61073,CXCR4
DB00454,P41145,OPRK
DB00454,Q8TCU5,NMD3A
DB00455,P35367,HRH1
DB00456,P02768,ALBU
DB00456,Q9HCU0,CD248
DB00457,P35348,ADA1A
DB00457,P35368,ADA1B
DB00457,P25100,ADA1D
DB00458,P23975,SC6A2
DB00458,P31645,SC6A4
DB00458,P30542,AA1R
DB00459,P10276,RARA
DB00459,P22932,RARG2
DB00459,P28702,RXRB
DB00459,P13631,RARG1
DB00459,P10826,RARB
DB00459,P48443,RXRG
DB00459,P19793,RXRA
DB00459,P02768,ALBU
DB00461,P23219,PGH1
DB00461,P35354,PGH2
DB00462,P11229,ACM1
DB00463,P14867,GBRA1
DB00464,P04070,PROC
DB00465,P23219,PGH1
DB00465,P35354,PGH2
DB00466,P24046,GBRR1
DB00466,P14867,GBRA1
DB00467,P11388,TOP2A
DB00468,P69905,HBA
DB00468,O15554,KCNN4
DB00469,P23219,PGH1
DB00469,P35354,PGH2
DB00470,P21554,CNR1
DB00471,Q9Y271,CLTR1
DB00471,P09917,LOX5
DB00472,P31645,SC6A4
DB00473,Q14524,SCN5A
DB00473,Q9Y5Y9,SC10A
DB00474,P14867,GBRA1
DB00475,P14867,GBRA1
DB00476,P31645,SC6A4
DB00476,Q01959,SC6A3
DB00476,P23975,SC6A2
DB00477,P14416,DRD2
DB00477,P28223,5HT2A
DB00477,P02768,ALBU
DB00480,P35354,PGH2
DB00481,P03372,ESR1
DB00481,Q92731,ESR2
DB00482,P35354,PGH2
DB00482,O15530,PDPK1
DB00483,Q15822,ACHA2
DB00483,P08172,ACM2
DB00483,P22303,ACES
DB00484,P08913,ADA2A
DB00484,P18089,ADA2B
DB00484,P18825,ADA2C
DB00486,P34972,CNR2
DB00486,P21554,CNR1
DB00487,P02788,TRFL
DB00487,P11388,TOP2A
DB00489,Q12809,KCNH2
DB00490,P08908,5HT1A
DB00490,P14416,DRD2
DB00491,O43451,MGA
DB00492,P22966,ACET
DB00492,P12821,ACE
DB00494,P21964,COMT
DB00496,P20309,ACM3
DB00497,P35372,OPRM
DB00497,P41145,OPRK
DB00497,P41143,OPRD
DB00499,P10275,ANDR
DB00500,P23219,PGH1
DB00500,P35354,PGH2
DB00501,P25021,HRH2
DB00501,O95742,O95742
DB00502,P14416,DRD2
DB00502,Q13224,NMDE2
DB00502,P21728,DRD1
DB00504,P35372,OPRM
DB00504,Q15822,ACHA2
DB00505,P11229,ACM1
DB00505,P08172,ACM2
DB00505,P20309,ACM3
DB00506,P06401,PRGR
DB00506,P03372,ESR1
DB00506,P35348,ADA1A
DB00508,P21728,DRD1
DB00508,P14416,DRD2
DB00508,P11229,ACM1
DB00508,P08172,ACM2
DB00508,P41595,5HT2B
DB00510,P80404,GABT
DB00511,P05023,AT1A1
DB00513,P00747,PLMN
DB00513,P00750,TPA
DB00513,P08519,APOA
DB00514,Q99720,Q99720
DB00514,Q5T1J1,Q5T1J1
DB00514,Q15822,ACHA2
DB00514,P31645,SC6A4
DB00514,Q8TCU5,NMD3A
DB00517,P11229,ACM1
DB00517,P08172,ACM2
DB00517,P20309,ACM3
DB00519,P22966,ACET
DB00519,P12821,ACE
DB00521,P07550,ADRB2
DB00521,P08588,ADRB1
DB00522,P16233,LIPP
DB00523,P10276,RARA
DB00523,P22932,RARG2
DB00523,P28702,RXRB
DB00523,P13631,RARG1
DB00523,P10826,RARB
DB00523,P48443,RXRG
DB00523,P19793,RXRA
DB00523,P29373,RABP2
DB00523,P29762,RABP1
DB00524,Q13621,S12A1
DB00524,P55017,S12A3
DB00527,Q14524,SCN5A
DB00527,Q9Y5Y9,SC10A
DB00527,P62158,CALM
DB00528,Q06432,CCG1
DB00530,P00533,EGFR
DB00532,Q14524,SCN5A
DB00532,P02768,ALBU
DB00533,P35354,PGH2
DB00533,P15502,ELN
DB00533,P23219,PGH1
DB00534,P51649,SSDH
DB00534,Q13621,S12A1
DB00535,P05164,PERM
DB00536,P05091,ALDH2
DB00537,P02768,ALBU
DB00537,P11388,TOP2A
DB00539,P03372,ESR1
DB00540,P31645,SC6A4
DB00540,P23975,SC6A2
DB00540,P02768,ALBU
DB00541,P07437,TBB2
DB00542,P22966,ACET
DB00542,P12821,ACE
DB00543,P31645,SC6A4
DB00543,P23975,SC6A2
DB00544,P04818,TYSY
DB00545,P22303,ACES
DB00547,P04083,ANXA1
DB00548,P14679,TYRO
DB00549,Q9Y271,CLTR1
DB00550,P07202,PERT
DB00551,P39900,MMP12
DB00552,P00813,ADA
DB00553,P11509,CP2A6
DB00554,P23219,PGH1
DB00555,Q14524,SCN5A
DB00555,P35498,SCN1A
DB00555,Q99250,SCN2A
DB00555,Q9NY46,SCN3A
DB00555,P35499,SCN4A
DB00555,Q9UQD0,SCN8A
DB00555,Q15858,SCN9A
DB00555,P00374,DYR
DB00557,P35367,HRH1
DB00559,P24530,EDNRB
DB00559,P25101,EDNRA
DB00559,O95342,ABCBB
DB00562,P55017,S12A3
DB00562,P00915,CAH1
DB00562,P00918,CAH2
DB00562,P22748,CAH4
DB00562,Q12791,KCMA1
DB00563,P00374,DYR
DB00563,P02768,ALBU
DB00564,Q14524,SCN5A
DB00565,Q15822,ACHA2
DB00568,P35367,HRH1
DB00568,O00555,CAC1A
DB00568,P14416,DRD2
DB00569,P01008,ANT3
DB00570,P07437,TBB2
DB00570,P05412,JUN
DB00570,P08183,MDR1
DB00571,P08588,ADRB1
DB00571,P07550,ADRB2
DB00571,P13945,ADRB3
DB00571,P08908,5HT1A
DB00571,P28222,5HT1B
DB00572,P08172,ACM2
DB00572,P11229,ACM1
DB00572,P08173,ACM4
DB00572,P08912,ACM5
DB00572,P20309,ACM3
DB00572,P22303,ACES
DB00573,P23219,PGH1
DB00573,P35354,PGH2
DB00574,P28335,5HT2C
DB00574,P41595,5HT2B
DB00575,P08913,ADA2A
DB00575,P21452,NK2R
DB00576,P02768,ALBU
DB00579,P23975,SC6A2
DB00579,Q01959,SC6A3
DB00580,P35354,PGH2
DB00583,P50416,CPT1A
DB00583,Q9H015,S22A4
DB00583,O76082,S22A5
DB00583,P43155,CACP
DB00583,Q8N8R3,MCATL
DB00583,O43772,MCAT
DB00583,Q9UKG9,OCTC
DB00583,P23786,CPT2
DB00584,P22966,ACET
DB00584,P12821,ACE
DB00585,P25021,HRH2
DB00586,P23219,PGH1
DB00586,P35354,PGH2
DB00586,P02766,TTHY
DB00587,Q9Y271,CLTR1
DB00588,P08185,CBG
DB00588,P47712,PA24A
DB00588,P04150,GCR
DB00589,P21728,DRD1
DB00589,P08908,5HT1A
DB00589,P14416,DRD2
DB00590,P35348,ADA1A
DB00590,P35368,ADA1B
DB00590,P25100,ADA1D
DB00591,P08185,CBG
DB00591,P47712,PA24A
DB00593,O43497,CAC1G
DB00594,P51168,SCNNB
DB00594,P78348,ACCN2
DB00594,P19801,ABP1
DB00594,P37088,SCNNA
DB00594,P51170,SCNNG
DB00594,P19634,SL9A1
DB00594,Q16515,ACCN1
DB00594,P51172,SCNND
DB00594,P00749,UROK
DB00596,P04083,ANXA1
DB00596,P08185,CBG
DB00598,P35348,ADA1A
DB00598,P35368,ADA1B
DB00598,P08588,ADRB1
DB00598,P07550,ADRB2
DB00599,P14867,GBRA1
DB00599,O00519,FAAH
DB00603,P06401,PRGR
DB00603,P03372,ESR1
DB00604,Q13639,5HT4R
DB00604,P46098,5HT3R
DB00604,Q12809,KCNH2
DB00604,P28223,5HT2A
DB00605,P35354,PGH2
DB00605,P01112,RASH
DB00605,P01133,EGF
DB00605,P02768,ALBU
DB00605,P08253,MMP2
DB00605,P15121,ALDR
DB00605,P23219,PGH1
DB00605,P27361,MK03
DB00605,Q03181,PPARD
DB00605,O00408,PDE2A
DB00606,P54710,ATNG
DB00606,P00915,CAH1
DB00606,P00918,CAH2
DB00606,P22748,CAH4
DB00606,Q12791,KCMA1
DB00608,P69905,HBA
DB00608,P01375,TNFA
DB00608,Q9NR96,TLR9
DB00608,P09210,GSTA2
DB00610,P35348,ADA1A
DB00611,P41145,OPRK
DB00611,P35372,OPRM
DB00611,P41143,OPRD
DB00612,P08588,ADRB1
DB00612,P07550,ADRB2
DB00613,P69905,HBA
DB00615,P07900,HS90A
DB00615,P14625,ENPL
DB00616,P08473,NEP
DB00617,Q9P0X4,CAC1I
DB00619,P09619,PGFRB
DB00619,P00519,ABL1
DB00619,P10721,KIT
DB00619,P04629,NTRK1
DB00619,P07333,CSF1R
DB00619,P08183,MDR1
DB00619,P16234,PGFRA
DB00619,Q08345,DDR1
DB00619,Q9UNQ0,ABCG2
DB00620,P08185,CBG
DB00620,P04083,ANXA1
DB00621,P10275,ANDR
DB00622,Q13936,CAC1C
DB00622,P08183,MDR1
DB00622,Q9UNQ0,ABCG2
DB00623,P14416,DRD2
DB00623,P62158,CALM
DB00623,P21728,DRD1
DB00624,P10275,ANDR
DB00624,P02768,ALBU
DB00624,P16860,ANFB
DB00626,P01023,A2MG
DB00626,P14735,IDE
DB00627,Q8TDS4,G109A
DB00627,P40261,NNMT
DB00627,Q15274,NADC
DB00627,P49019,G109B
DB00628,P14867,GBRA1
DB00629,P08913,ADA2A
DB00630,P29074,PTN4
DB00631,P09884,DPOLA
DB00631,P23921,RIR1
DB00633,P08913,ADA2A
DB00635,P04150,GCR
DB00635,P04083,ANXA1
DB00636,P06858,LIPL
DB00636,Q07869,PPARA
DB00637,P35367,HRH1
DB00637,P05184,CP3A3
DB00637,Q12809,KCNH2
DB00640,Q08828,ADCY1
DB00640,P01375,TNFA
DB00640,P33765,AA3R
DB00641,P04035,HMDH
DB00641,P00734,THRB
DB00641,P01019,ANGT
DB00641,P01375,TNFA
DB00641,P01579,IFNG
DB00641,P05121,PAI1
DB00641,P05184,CP3A3
DB00641,P05231,IL6
DB00641,P08254,MMP3
DB00641,P10145,IL8
DB00641,P12643,BMP2
DB00641,P13500,CCL2
DB00641,P14780,MMP9
DB00641,P15692,VEGFA
DB00641,P25942,TNR5
DB00641,P27361,MK03
DB00641,P42574,CASP3
DB00641,P61586,RHOA
DB00641,P63000,RAC1
DB00641,Q06643,TNFC
DB00641,Q07869,PPARA
DB00642,P04818,TYSY
DB00642,P00374,DYR
DB00642,O14659,O14659
DB00642,P22102,PUR2
DB00644,P30968,GNRHR
DB00644,Q96P88,GNRR2
DB00645,Q9Y5Y9,SC10A
DB00647,P35372,OPRM
DB00647,P41143,OPRD
DB00647,P41145,OPRK
DB00648,P15538,C11B1
DB00648,P10109,ADX
DB00648,P08185,CBG
DB00650,P04818,TYSY
DB00651,Q07343,PDE4B
DB00651,P27815,PDE4A
DB00651,Q08493,PDE4C
DB00651,Q08499,PDE4D
DB00651,Q13946,PDE7A
DB00651,Q9NP56,PDE7B
DB00652,P35372,OPRM
DB00652,P41145,OPRK
DB00653,Q06432,CCG1
DB00653,Q13936,CAC1C
DB00653,Q02641,CACB1
DB00653,Q08289,CACB2
DB00653,Q13698,CAC1S
DB00654,P43088,PF2R
DB00655,P03372,ESR1
DB00655,P02768,ALBU
DB00655,P08842,STS
DB00655,Q16678,CP1B1
DB00656,P28223,5HT2A
DB00656,P31645,SC6A4
DB00656,P23975,SC6A2
DB00656,P35348,ADA1A
DB00656,P08913,ADA2A
DB00656,P35367,HRH1
DB00656,P08908,5HT1A
DB00656,P35368,ADA1B
DB00657,Q15822,ACHA2
DB00659,Q8TCU5,NMD3A
DB00659,P41594,MGR5
DB00659,Q13255,MGR1
DB00659,Q14416,MGR2
DB00659,Q14832,MGR3
DB00661,Q14524,SCN5A
DB00661,P00915,CAH1
DB00661,Q14654,IRK11
DB00661,O00305,CACB4
DB00661,O43497,CAC1G
DB00661,O60840,CAC1F
DB00661,P54284,CACB3
DB00661,Q01668,CAC1D
DB00661,Q02641,CACB1
DB00661,Q06432,CCG1
DB00661,Q08289,CACB2
DB00661,Q12809,KCNH2
DB00661,Q13698,CAC1S
DB00661,Q13936,CAC1C
DB00661,Q9P0X4,CAC1I
DB00663,P04083,ANXA1
DB00663,P08185,CBG
DB00663,P04150,GCR
DB00665,P35348,ADA1A
DB00665,P10275,ANDR
DB00666,P30968,GNRHR
DB00666,Q96P88,GNRR2
DB00667,P35367,HRH1
DB00667,P25021,HRH2
DB00667,Q9Y5N1,HRH3
DB00668,P35348,ADA1A
DB00668,P08588,ADRB1
DB00668,P07550,ADRB2
DB00668,P00439,PH4H
DB00669,P28221,5HT1D
DB00669,P28222,5HT1B
DB00669,P30939,5HT1F
DB00669,P41595,5HT2B
DB00670,P11229,ACM1
DB00672,P48048,IRK1
DB00673,P25103,NK1R
DB00674,P22303,ACES
DB00675,P08183,MDR1
DB00675,P19971,TYPH
DB00675,P03372,ESR1
DB00675,P34913,HYES
DB00675,Q92731,ESR2
DB00677,P06276,CHLE
DB00677,P22303,ACES
DB00678,P30556,AGTR1
DB00679,P35348,ADA1A
DB00679,P14416,DRD2
DB00679,P28223,5HT2A
DB00679,P21728,DRD1
DB00680,Q14524,SCN5A
DB00682,P00734,THRB
DB00683,P14867,GBRA1
DB00683,P18505,GBRB1
DB00683,P28472,GBRB3
DB00683,P31644,GBRA5
DB00683,P34903,GBRA3
DB00683,P47869,GBRA2
DB00683,P47870,GBRB2
DB00683,P48169,GBRA4
DB00683,Q16445,GBRA6
DB00685,P11388,TOP2A
DB00686,P05230,FGF1
DB00686,P08620,FGF4
DB00686,P09038,FGF2
DB00687,P08235,MCR
DB00688,P12268,IMDH2
DB00688,P20839,IMDH1
DB00690,P14867,GBRA1
DB00690,P18505,GBRB1
DB00690,P28472,GBRB3
DB00690,P31644,GBRA5
DB00690,P34903,GBRA3
DB00690,P47869,GBRA2
DB00690,P47870,GBRB2
DB00690,P48169,GBRA4
DB00690,Q16445,GBRA6
DB00691,P22966,ACET
DB00691,P12821,ACE
DB00691,Q9BYF1,ACE2
DB00692,P08913,ADA2A
DB00692,P01275,GLUC
DB00692,P06881,CALCA
DB00692,P27815,PDE4A
DB00694,P08183,MDR1
DB00694,P33527,MRP1
DB00695,Q13621,S12A1
DB00695,P05023,AT1A1
DB00696,P35348,ADA1A
DB00696,P28221,5HT1D
DB00696,P28222,5HT1B
DB00696,P28223,5HT2A
DB00696,P08913,ADA2A
DB00696,P14416,DRD2
DB00696,P18089,ADA2B
DB00696,P23975,SC6A2
DB00697,P08913,ADA2A
DB00699,P35348,ADA1A
DB00700,P08235,MCR
DB00703,P00915,CAH1
DB00704,P35372,OPRM
DB00704,P01375,TNFA
DB00704,P41145,OPRK
DB00704,P41143,OPRD
DB00706,P35348,ADA1A
DB00706,P25100,ADA1D
DB00706,P35368,ADA1B
DB00706,P02763,A1AG1
DB00707,P01130,LDLR
DB00708,P35372,OPRM
DB00711,P09917,LOX5
DB00711,P00395,COX1
DB00712,P35354,PGH2
DB00712,P23219,PGH1
DB00712,P02768,ALBU
DB00714,P14416,DRD2
DB00714,P21728,DRD1
DB00714,P21917,DRD4
DB00714,P35462,DRD3
DB00714,P21918,DRD5
DB00714,Q9NYX4,D1IP
DB00715,P31645,SC6A4
DB00715,P23975,SC6A2
DB00715,P28223,5HT2A
DB00716,Q9Y271,CLTR1
DB00716,Q9NS75,CLTR2
DB00716,Q13258,PD2R
DB00716,P35367,HRH1
DB00716,P21462,FPR1
DB00717,P06401,PRGR
DB00719,P35367,HRH1
DB00720,P05141,ADT2
DB00720,P12235,ADT1
DB00720,P12236,ADT3
DB00720,P18031,PTN1
DB00721,Q9Y5Y9,SC10A
DB00721,Q8TCU5,NMD3A
DB00721,Q9GZZ6,ACH10
DB00721,P46098,5HT3R
DB00721,Q01959,SC6A3
DB00722,P22966,ACET
DB00722,P01019,ANGT
DB00722,P12821,ACE
DB00723,P35348,ADA1A
DB00723,P35368,ADA1B
DB00724,Q9NYK1,TLR7
DB00725,P08172,ACM2
DB00725,P11229,ACM1
DB00725,P08173,ACM4
DB00725,P08912,ACM5
DB00725,P20309,ACM3
DB00726,P31645,SC6A4
DB00726,P23975,SC6A2
DB00727,P16066,ANPRA
DB00727,P05091,ALDH2
DB00728,Q15822,ACHA2
DB00728,P08172,ACM2
DB00729,P20309,ACM3
DB00731,P48048,IRK1
DB00731,Q09428,ABCC8
DB00731,Q14654,IRK11
DB00732,Q15822,ACHA2
DB00734,P35367,HRH1
DB00734,P14416,DRD2
DB00734,P35348,ADA1A
DB00734,P08588,ADRB1
DB00734,P28223,5HT2A
DB00734,P35368,ADA1B
DB00735,Q14534,ERG1
DB00736,P20648,ATP4A
DB00736,P05023,AT1A1
DB00736,P54707,AT12A
DB00737,P35367,HRH1
DB00740,Q14524,SCN5A
DB00740,Q8TCU5,NMD3A
DB00741,P04083,ANXA1
DB00741,P04150,GCR
DB00741,P01189,COLI
DB00741,P35228,NOS2A
DB00741,P09917,LOX5
DB00743,P02768,ALBU
DB00744,P16050,LOX15
DB00744,P09917,LOX5
DB00744,P10145,IL8
DB00745,Q01959,SC6A3
DB00745,P35368,ADA1B
DB00747,P11229,ACM1
DB00748,P35367,HRH1
DB00748,P11229,ACM1
DB00749,P23219,PGH1
DB00749,P35354,PGH2
DB00749,P02768,ALBU
DB00750,Q14524,SCN5A
DB00751,P35367,HRH1
DB00751,P25021,HRH2
DB00751,P35348,ADA1A
DB00751,P08913,ADA2A
DB00751,P28223,5HT2A
DB00752,P28223,5HT2A
DB00752,P27338,AOFB
DB00752,P21397,AOFA
DB00752,P14416,DRD2
DB00753,P98194,AT2C1
DB00753,P30049,ATPD
DB00753,P14867,GBRA1
DB00753,Q09470,KCNA1
DB00753,P42261,GRIA1
DB00753,P23415,GLRA1
DB00753,P62158,CALM
DB00754,Q14524,SCN5A
DB00755,P13631,RARG1
DB00755,P28702,RXRB
DB00755,P00352,AL1A1
DB00755,P22932,RARG2
DB00755,Q8NFJ5,RAI3
DB00755,P48443,RXRG
DB00755,P51843,DAX1
DB00755,O94788,AL1A2
DB00757,P46098,5HT3R
DB00758,Q9H244,P2Y12
DB00758,P05184,CP3A3
DB00758,P16109,LYAM3
DB00761,P55011,S12A2
DB00761,Q13621,S12A1
DB00761,Q9H2X9,S12A5
DB00761,Q9UHW9,S12A6
DB00761,Q9Y666,S12A7
DB00761,Q9UP95,S12A4
DB00762,Q969P6,TOP1M
DB00762,P11387,TOP1
DB00763,P07202,PERT
DB00764,P04150,GCR
DB00764,P04083,ANXA1
DB00765,P07101,TY3H
DB00767,P08173,ACM4
DB00767,P11229,ACM1
DB00767,P08912,ACM5
DB00767,P08172,ACM2
DB00767,P20309,ACM3
DB00767,P35367,HRH1
DB00768,P35367,HRH1
DB00768,P23297,S10A1
DB00769,P04083,ANXA1
DB00769,P04150,GCR
DB00770,P43116,PE2R2
DB00770,P34995,PE2R1
DB00771,P11229,ACM1
DB00773,P11388,TOP2A
DB00773,O14733,MP2K7
DB00774,Q13621,S12A1
DB00774,P05023,AT1A1
DB00774,P22748,CAH4
DB00774,Q12791,KCMA1
DB00774,P00918,CAH2
DB00774,P00915,CAH1
DB00775,P16109,LYAM3
DB00776,Q14524,SCN5A
DB00777,P20309,ACM3
DB00777,P35368,ADA1B
DB00777,P21728,DRD1
DB00777,P25100,ADA1D
DB00777,P08912,ACM5
DB00777,P28223,5HT2A
DB00777,P21917,DRD4
DB00777,P14416,DRD2
DB00777,P08172,ACM2
DB00777,P08173,ACM4
DB00777,P35367,HRH1
DB00777,P28335,5HT2C
DB00777,P35348,ADA1A
DB00777,P11229,ACM1
DB00778,P08183,MDR1
DB00780,Q16853,AOC3
DB00780,P27338,AOFB
DB00780,P21397,AOFA
DB00782,P11229,ACM1
DB00783,P03372,ESR1
DB00783,O75469,PXR
DB00783,Q92731,ESR2
DB00784,P35354,PGH2
DB00784,P23219,PGH1
DB00786,P08253,MMP2
DB00786,P14780,MMP9
DB00786,P08254,MMP3
DB00787,P00491,PNPH
DB00788,P23219,PGH1
DB00788,P35354,PGH2
DB00790,P12821,ACE
DB00790,P10997,IAPP
DB00792,P35367,HRH1
DB00794,P14867,GBRA1
DB00795,Q9UPY5,XCT
DB00796,P30556,AGTR1
DB00797,P35348,ADA1A
DB00798,P98164,LRP2
DB00799,P10276,RARA
DB00799,P22932,RARG2
DB00799,P28702,RXRB
DB00799,P13631,RARG1
DB00799,P10826,RARB
DB00800,P21918,DRD5
DB00800,P21728,DRD1
DB00800,P18089,ADA2B
DB00800,P18825,ADA2C
DB00800,P08913,ADA2A
DB00801,P14867,GBRA1
DB00802,P35372,OPRM
DB00802,P02763,A1AG1
DB00802,P02768,ALBU
DB00802,P08183,MDR1
DB00802,P20815,CP3A5
DB00804,P11229,ACM1
DB00805,P21728,DRD1
DB00805,P14416,DRD2
DB00805,P28223,5HT2A
DB00805,P41595,5HT2B
DB00805,P28335,5HT2C
DB00805,P31645,SC6A4
DB00806,Q07343,PDE4B
DB00806,P27815,PDE4A
DB00806,P21589,5NTD
DB00806,O76074,PDE5A
DB00807,Q9Y5Y9,SC10A
DB00808,P51787,KCNQ1
DB00808,P15382,KCNE1
DB00809,P08173,ACM4
DB00810,Q15822,ACHA2
DB00810,P11229,ACM1
DB00811,P22413,ENPP1
DB00811,P20839,IMDH1
DB00812,P35354,PGH2
DB00812,Q16647,PTGIS
DB00813,P35372,OPRM
DB00813,P41143,OPRD
DB00814,P35354,PGH2
DB00815,P02768,ALBU
DB00816,P07550,ADRB2
DB00818,P14867,GBRA1
DB00818,O00519,FAAH
DB00818,P02768,ALBU
DB00819,P00915,CAH1
DB00819,P29972,AQP1
DB00819,O43570,CAH12
DB00819,P00918,CAH2
DB00820,P27815,PDE4A
DB00820,O76074,PDE5A
DB00821,P35354,PGH2
DB00822,P05091,ALDH2
DB00823,P03372,ESR1
DB00823,P06401,PRGR
DB00824,Q07343,PDE4B
DB00824,P29275,AA2BR
DB00824,P27815,PDE4A
DB00825,O75762,TRPA1
DB00825,Q8NET8,TRPV3
DB00829,P14867,GBRA1
DB00829,P47869,GBRA2
DB00829,P34903,GBRA3
DB00830,P23975,SC6A2
DB00830,Q01959,SC6A3
DB00830,P21397,AOFA
DB00831,P14416,DRD2
DB00831,P35348,ADA1A
DB00831,P20648,ATP4A
DB00831,Q9NYX4,D1IP
DB00834,P06401,PRGR
DB00834,P04150,GCR
DB00835,P35367,HRH1
DB00836,O00555,CAC1A
DB00836,P35372,OPRM
DB00836,Q13224,NMDE2
DB00836,Q14957,NMDE3
DB00836,O15399,NMDE4
DB00836,Q12879,NMDE1
DB00836,P62158,CALM
DB00836,P01189,COLI
DB00836,P41143,OPRD
DB00837,P14867,GBRA1
DB00837,Q9UBS5,GABR1
DB00838,P04083,ANXA1
DB00839,P48048,IRK1
DB00841,P08588,ADRB1
DB00842,P14867,GBRA1
DB00842,P02768,ALBU
DB00843,P22303,ACES
DB00843,P28223,5HT2A
DB00844,P41145,OPRK
DB00844,P35372,OPRM
DB00844,P41143,OPRD
DB00846,P08185,CBG
DB00846,P47712,PA24A
DB00847,P61278,SMS
DB00848,P02768,ALBU
DB00849,P14867,GBRA1
DB00850,P21728,DRD1
DB00850,P14416,DRD2
DB00850,P35348,ADA1A
DB00850,P62158,CALM
DB00850,P10635,CP2D6
DB00851,Q14181,DPOA2
DB00852,P35348,ADA1A
DB00852,P08913,ADA2A
DB00852,P07550,ADRB2
DB00854,P35372,OPRM
DB00855,P13716,HEM2
DB00857,Q14534,ERG1
DB00858,P03372,ESR1
DB00858,P10275,ANDR
DB00858,P16471,PRLR
DB00859,P29466,CASP1
DB00860,P08185,CBG
DB00861,P23219,PGH1
DB00861,P35354,PGH2
DB00861,P02766,TTHY
DB00861,P02768,ALBU
DB00862,O76074,PDE5A
DB00863,P25021,HRH2
DB00865,P08913,ADA2A
DB00865,P35348,ADA1A
DB00865,P16435,NCPR
DB00866,P08588,ADRB1
DB00866,P07550,ADRB2
DB00866,P08908,5HT1A
DB00867,P07550,ADRB2
DB00868,Q14524,SCN5A
DB00869,P00918,CAH2
DB00870,P23219,PGH1
DB00870,P35354,PGH2
DB00870,P02768,ALBU
DB00871,P07550,ADRB2
DB00872,P37288,V1AR
DB00872,P30518,V2R
DB00873,P04083,ANXA1
DB00873,P04150,GCR
DB00875,P35348,ADA1A
DB00875,P14416,DRD2
DB00875,P21728,DRD1
DB00875,P08183,MDR1
DB00875,Q9NYX4,D1IP
DB00876,P30556,AGTR1
DB00880,P55017,S12A3
DB00880,P00915,CAH1
DB00880,P00918,CAH2
DB00880,P22748,CAH4
DB00880,Q12791,KCMA1
DB00881,P22966,ACET
DB00881,P12821,ACE
DB00882,P03372,ESR1
DB00883,P16066,ANPRA
DB00885,P35367,HRH1
DB00887,Q13621,S12A1
DB00887,P13569,CFTR
DB00887,P55011,S12A2
DB00887,Q9UP95,S12A4
DB00887,Q9H2X9,S12A5
DB00889,P46098,5HT3R
DB00889,P50406,5HT6R
DB00890,P03372,ESR1
DB00892,Q9Y5Y9,SC10A
DB00894,P11511,CP19A
DB00895,P30273,FCERG
DB00896,P08185,CBG
DB00896,P04083,ANXA1
DB00898,P14867,GBRA1
DB00898,Q8TCU5,NMD3A
DB00898,P23415,GLRA1
DB00898,P23416,GLRA2
DB00899,P35372,OPRM
DB00901,P07550,ADRB2
DB00902,P35367,HRH1
DB00903,Q13621,S12A1
DB00903,P02768,ALBU
DB00903,P05023,AT1A1
DB00903,P09211,GSTP1
DB00904,P46098,5HT3R
DB00904,P50406,5HT6R
DB00905,P43088,PF2R
DB00905,P34995,PE2R1
DB00905,P43115,PE2R3
DB00906,P80404,GABT
DB00906,P30531,SC6A1
DB00907,P30531,SC6A1
DB00907,P23975,SC6A2
DB00907,Q14524,SCN5A
DB00907,Q9UI33,SC11A
DB00907,Q9Y5Y9,SC10A
DB00907,P31645,SC6A4
DB00907,P41145,OPRK
DB00907,P21728,DRD1
DB00907,P35462,DRD3
DB00907,Q01959,SC6A3
DB00908,Q14524,SCN5A
DB00908,P02763,A1AG1
DB00908,P08183,MDR1
DB00908,Q12809,KCNH2
DB00908,O00180,KCNK1
DB00908,Q9Y257,KCNK6
DB00909,P35498,SCN1A
DB00909,P00915,CAH1
DB00909,O43497,CAC1G
DB00910,P11473,VDR
DB00912,P48048,IRK1
DB00912,Q09428,ABCC8
DB00912,Q14654,IRK11
DB00913,P35372,OPRM
DB00914,Q13131,AAPK1
DB00915,P14416,DRD2
DB00915,P21728,DRD1
DB00917,P43116,PE2R2
DB00917,P34995,PE2R1
DB00917,P35408,PE2R4
DB00917,P43115,PE2R3
DB00918,P28221,5HT1D
DB00918,P28222,5HT1B
DB00920,Q13946,PDE7A
DB00920,P35367,HRH1
DB00920,Q9NP56,PDE7B
DB00921,P41145,OPRK
DB00921,P35372,OPRM
DB00922,P63316,TNNC1
DB00922,Q14654,IRK11
DB00922,Q15842,IRK8
DB00924,P28223,5HT2A
DB00925,P35348,ADA1A
DB00925,P62158,CALM
DB00926,P10276,RARA
DB00926,P22932,RARG2
DB00926,P28702,RXRB
DB00926,P13631,RARG1
DB00926,P10826,RARB
DB00926,P48443,RXRG
DB00926,P19793,RXRA
DB00926,P29762,RABP1
DB00927,P25021,HRH2
DB00928,P26358,DNMT1
DB00929,P43119,PI2R
DB00933,P14416,DRD2
DB00933,P28223,5HT2A
DB00934,P35367,HRH1
DB00934,P23975,SC6A2
DB00934,P35348,ADA1A
DB00934,P27338,AOFB
DB00935,P35348,ADA1A
DB00935,P08913,ADA2A
DB00936,P02768,ALBU
DB00936,P23219,PGH1
DB00936,P35354,PGH2
DB00937,P23975,SC6A2
DB00937,Q01959,SC6A3
DB00938,P07550,ADRB2
DB00939,P23219,PGH1
DB00939,P35354,PGH2
DB00939,P09917,LOX5
DB00940,P11229,ACM1
DB00941,P06276,CHLE
DB00942,P11229,ACM1
DB00944,P22303,ACES
DB00944,P06276,CHLE
DB00945,P23219,PGH1
DB00945,P35354,PGH2
DB00946,P02763,A1AG1
DB00946,P02768,ALBU
DB00947,P03372,ESR1
DB00949,Q8TCU5,NMD3A
DB00949,Q13224,NMDE2
DB00949,Q12879,NMDE1
DB00950,P35367,HRH1
DB00951,P80404,GABT
DB00952,P28221,5HT1D
DB00952,P28222,5HT1B
DB00952,P30939,5HT1F
DB00953,P28221,5HT1D
DB00953,P28222,5HT1B
DB00953,P30939,5HT1F
DB00953,Q13639,5HT4R
DB00956,P35372,OPRM
DB00956,P41143,OPRD
DB00956,P41145,OPRK
DB00957,P06401,PRGR
DB00957,P03372,ESR1
DB00957,Q92887,MRP2
DB00958,P02768,ALBU
DB00959,P04150,GCR
DB00959,P04083,ANXA1
DB00960,P08588,ADRB1
DB00960,P07550,ADRB2
DB00960,P08908,5HT1A
DB00960,P28222,5HT1B
DB00960,P13945,ADRB3
DB00961,Q9Y5Y9,SC10A
DB00962,P14867,GBRA1
DB00963,P23219,PGH1
DB00963,P35354,PGH2
DB00964,P08913,ADA2A
DB00966,P30556,AGTR1
DB00967,P35367,HRH1
DB00968,P08913,ADA2A
DB00969,P46098,5HT3R
DB00972,P35367,HRH1
DB00973,Q9UHC9,NPCL1
DB00975,Q9Y233,PDE10
DB00975,O76074,PDE5A
DB00975,P08183,MDR1
DB00975,P27815,PDE4A
DB00975,P00813,ADA
DB00976,P05184,CP3A3
DB00977,P03372,ESR1
DB00977,O75469,PXR
DB00978,P11388,TOP2A
DB00979,P11229,ACM1
DB00980,P49286,MTR1B
DB00980,P48039,MTR1A
DB00981,P22303,ACES
DB00982,P10276,RARA
DB00983,P07550,ADRB2
DB00984,P10275,ANDR
DB00985,P35367,HRH1
DB00986,P11229,ACM1
DB00987,P06746,DPOLB
DB00987,P02768,ALBU
DB00988,P21728,DRD1
DB00988,P09172,DOPO
DB00988,P08588,ADRB1
DB00989,P22303,ACES
DB00989,P06276,CHLE
DB00990,P11511,CP19A
DB00991,P35354,PGH2
DB00992,P01130,LDLR
DB00993,P20839,IMDH1
DB00993,P12268,IMDH2
DB00993,P49915,GUAA
DB00993,P36959,GMPR1
DB00993,Q9P2T1,GMPR2
DB00993,P30566,PUR8
DB00993,P23109,AMPD1
DB00993,Q01433,AMPD2
DB00993,Q01432,AMPD3
DB00993,P00492,HPRT
DB00993,Q06203,PUR1
DB00995,O14920,IKKB
DB00995,P02768,ALBU
DB00996,P30542,AA1R
DB00996,Q00975,CAC1B
DB00996,Q5SQC4,Q5SQC4
DB00996,P54687,BCAT1
DB00997,P11388,TOP2A
DB00998,P28221,5HT1D
DB00998,P28222,5HT1B
DB00999,P55017,S12A3
DB00999,P00915,CAH1
DB00999,P00918,CAH2
DB00999,P22748,CAH4
DB00999,Q12791,KCMA1
DB01000,P46059,S15A1
DB01001,P07550,ADRB2
DB01001,P10145,IL8
DB01002,Q9Y5Y9,SC10A
DB01003,Q12791,KCMA1
DB01003,P25815,S100P
DB01005,P23921,RIR1
DB01006,P03372,ESR1
DB01006,P04626,ERBB2
DB01006,P11511,CP19A
DB01009,P23219,PGH1
DB01009,P35354,PGH2
DB01009,O95742,O95742
DB01009,P02768,ALBU
DB01009,P10145,IL8
DB01010,P22303,ACES
DB01011,P08684,CP3A4
DB01012,P41180,CASR
DB01013,P04083,ANXA1
DB01014,P23219,PGH1
DB01014,P35354,PGH2
DB01016,P48048,IRK1
DB01016,O15438,MRP3
DB01016,O60706,ABCC9
DB01016,O95342,ABCBB
DB01016,O95477,ABCA1
DB01016,P13569,CFTR
DB01016,P33527,MRP1
DB01016,Q09428,ABCC8
DB01016,Q14654,IRK11
DB01016,P48544,IRK5
DB01017,P01584,IL1B
DB01017,P09917,LOX5
DB01017,P14780,MMP9
DB01017,P15692,VEGFA
DB01017,P29466,CASP1
DB01017,P42574,CASP3
DB01017,P99999,CYC
DB01018,P08913,ADA2A
DB01018,P35368,ADA1B
DB01019,P11229,ACM1
DB01020,P16066,ANPRA
DB01021,Q13621,S12A1
DB01021,P05023,AT1A1
DB01021,P22748,CAH4
DB01021,Q12791,KCMA1
DB01021,P00918,CAH2
DB01021,P00915,CAH1
DB01022,P38435,VKGC
DB01022,P02818,OSTC
DB01023,P62158,CALM
DB01024,P12268,IMDH2
DB01024,P20839,IMDH1
DB01025,Q9Y271,CLTR1
DB01025,P08700,IL3
DB01025,P80511,S10AC
DB01025,Q99584,S10AD
DB01026,Q16850,CP51A
DB01028,P98194,AT2C1
DB01028,P30049,ATPD
DB01028,P14867,GBRA1
DB01028,Q09470,KCNA1
DB01028,P42261,GRIA1
DB01028,P23415,GLRA1
DB01029,P30556,AGTR1
DB01029,P01019,ANGT
DB01029,P05412,JUN
DB01030,Q969P6,TOP1M
DB01030,P11387,TOP1
DB01030,Q9UNQ0,ABCG2
DB01031,P00918,CAH2
DB01031,P00915,CAH1
DB01032,O95820,O95820
DB01032,P02768,ALBU
DB01032,P33527,MRP1
DB01032,Q9NSA0,OAT4
DB01033,P20839,IMDH1
DB01033,P12268,IMDH2
DB01033,P49915,GUAA
DB01033,P36959,GMPR1
DB01033,Q9P2T1,GMPR2
DB01033,P30566,PUR8
DB01033,P23109,AMPD1
DB01033,Q01433,AMPD2
DB01033,Q01432,AMPD3
DB01033,P00492,HPRT
DB01033,Q06203,PUR1
DB01034,P49327,FAS
DB01035,Q14524,SCN5A
DB01035,P26358,DNMT1
DB01036,P11229,ACM1
DB01036,P08172,ACM2
DB01036,P20309,ACM3
DB01037,P27338,AOFB
DB01038,P21728,DRD1
DB01038,P21918,DRD5
DB01038,P14416,DRD2
DB01039,Q07869,PPARA
DB01039,O43923,O43923
DB01041,P01375,TNFA
DB01041,P19838,NFKB1
DB01041,P35354,PGH2
DB01043,Q8TCU5,NMD3A
DB01043,Q12879,NMDE1
DB01043,Q13224,NMDE2
DB01044,P02768,ALBU
DB01044,P11388,TOP2A
DB01045,P08183,MDR1
DB01045,O75469,PXR
DB01046,P51788,CLCN2
DB01047,P08185,CBG
DB01047,P47712,PA24A
DB01049,P08908,5HT1A
DB01049,O94956,SO2B1
DB01050,P23219,PGH1
DB01050,P35354,PGH2
DB01050,P02768,ALBU
DB01054,Q06432,CCG1
DB01054,Q9UNQ0,ABCG2
DB01056,Q14524,SCN5A
DB01057,P06276,CHLE
DB01058,P09210,GSTA2
DB01059,P11388,TOP2A
DB01062,P11229,ACM1
DB01062,P08172,ACM2
DB01062,P20309,ACM3
DB01063,P14416,DRD2
DB01063,P21728,DRD1
DB01064,P08588,ADRB1
DB01064,P07550,ADRB2
DB01064,P27361,MK03
DB01064,P27986,P85A
DB01065,P48039,MTR1A
DB01065,P03372,ESR1
DB01065,P42574,CASP3
DB01065,P99999,CYC
DB01067,P48048,IRK1
DB01068,P14867,GBRA1
DB01068,P02768,ALBU
DB01069,P14416,DRD2
DB01069,P35367,HRH1
DB01069,P08173,ACM4
DB01069,P11229,ACM1
DB01069,P08912,ACM5
DB01069,P35348,ADA1A
DB01069,P28223,5HT2A
DB01069,P08172,ACM2
DB01069,P20309,ACM3
DB01069,P62158,CALM
DB01070,P11473,VDR
DB01071,P35367,HRH1
DB01072,P08183,MDR1
DB01073,P09884,DPOLA
DB01073,P23921,RIR1
DB01073,P42224,STAT1
DB01073,P00813,ADA
DB01074,P50416,CPT1A
DB01074,P23786,CPT2
DB01075,P35367,HRH1
DB01076,P04035,HMDH
DB01076,P01019,ANGT
DB01076,P01375,TNFA
DB01076,P04114,APOB
DB01076,P05121,PAI1
DB01076,P05184,CP3A3
DB01076,P13500,CCL2
DB01076,P15692,VEGFA
DB01076,P27169,PON1
DB01076,P29965,CD40L
DB01076,P37231,PPARG
DB01076,P61586,RHOA
DB01076,Q07869,PPARA
DB01076,P33993,MCM7
DB01076,Q14566,MCM6
DB01078,P05023,AT1A1
DB01079,P28221,5HT1D
DB01079,Q13639,5HT4R
DB01079,P08908,5HT1A
DB01079,P31645,SC6A4
DB01079,P41595,5HT2B
DB01080,P80404,GABT
DB01081,P35372,OPRM
DB01083,P16233,LIPP
DB01083,P06858,LIPL
DB01083,P49327,FAS
DB01084,P35367,HRH1
DB01085,P11229,ACM1
DB01085,P08172,ACM2
DB01086,Q9Y5Y9,SC10A
DB01087,P69905,HBA
DB01088,P43116,PE2R2
DB01088,P43119,PI2R
DB01088,P00750,TPA
DB01088,P27815,PDE4A
DB01089,P12821,ACE
DB01090,Q9GZZ6,ACH10
DB01091,Q14534,ERG1
DB01092,P05023,AT1A1
DB01092,P01019,ANGT
DB01092,P01042,KNG1
DB01093,P02766,TTHY
DB01093,P42330,AK1C3
DB01093,P05121,PAI1
DB01093,P00374,DYR
DB01093,Q02790,FKBP4
DB01094,P55157,MTP
DB01095,P04035,HMDH
DB01097,Q02127,PYRD
DB01097,P09917,LOX5
DB01098,P04035,HMDH
DB01098,P29474,NOS3
DB01098,Q9UNQ0,ABCG2
DB01099,P26358,DNMT1
DB01100,P14416,DRD2
DB01100,O43497,CAC1G
DB01100,P41143,OPRD
DB01100,P62158,CALM
DB01100,Q12809,KCNH2
DB01101,P04818,TYSY
DB01101,Q12882,DPYD
DB01102,P08588,ADRB1
DB01103,P08183,MDR1
DB01103,P47712,PA24A
DB01103,Q15111,Q15111
DB01103,P11229,ACM1
DB01103,P09917,LOX5
DB01104,P31645,SC6A4
DB01104,P05184,CP3A3
DB01104,P08908,5HT1A
DB01105,P31645,SC6A4
DB01105,P23975,SC6A2
DB01106,O95665,NTR2
DB01106,P35367,HRH1
DB01107,P14867,GBRA1
DB01108,P14060,3BHS1
DB01108,P01189,COLI
DB01108,P26439,3BHS2
DB01108,Q92731,ESR2
DB01109,P01008,ANT3
DB01109,P00734,THRB
DB01109,P00742,FA10
DB01109,P16109,LYAM3
DB01109,P00740,FA9
DB01110,P62158,CALM
DB01110,P98194,AT2C1
DB01110,Q16850,CP51A
DB01113,Q07343,PDE4B
DB01114,P35367,HRH1
DB01116,Q9GZZ6,ACH10
DB01117,P00156,CYB
DB01117,P31930,UQCR1
DB01117,Q02127,PYRD
DB01118,P35348,ADA1A
DB01118,P08588,ADRB1
DB01118,Q12809,KCNH2
DB01119,P55017,S12A3
DB01119,P00915,CAH1
DB01119,P00918,CAH2
DB01119,P22748,CAH4
DB01119,Q12791,KCMA1
DB01119,P05023,AT1A1
DB01119,Q14654,IRK11
DB01120,P48048,IRK1
DB01120,Q09428,ABCC8
DB01120,P02768,ALBU
DB01120,P15692,VEGFA
DB01121,P35498,SCN1A
DB01122,P22303,ACES
DB01123,P00734,THRB
DB01124,P48048,IRK1
DB01125,P38435,VKGC
DB01128,P10275,ANDR
DB01128,P05231,IL6
DB01128,Q92731,ESR2
DB01129,P51164,ATP4B
DB01129,P20648,ATP4A
DB01130,P04083,ANXA1
DB01131,P00374,DYR
DB01132,P37231,PPARG
DB01133,P18031,PTN1
DB01134,P08235,MCR
DB01135,Q15822,ACHA2
DB01135,P08172,ACM2
DB01136,P35348,ADA1A
DB01136,P08588,ADRB1
DB01136,O95298,NDUC2
DB01136,P07550,ADRB2
DB01136,P08183,MDR1
DB01136,P15692,VEGFA
DB01136,P16860,ANFB
DB01136,P17302,CXA1
DB01136,Q12809,KCNH2
DB01137,P11388,TOP2A
DB01138,P33527,MRP1
DB01138,Q92887,MRP2
DB01140,P46059,S15A1
DB01140,Q16348,S15A2
DB01142,P31645,SC6A4
DB01142,P23975,SC6A2
DB01142,P35367,HRH1
DB01142,P25021,HRH2
DB01143,P22413,ENPP1
DB01144,P00915,CAH1
DB01146,P35367,HRH1
DB01147,P02768,ALBU
DB01148,P11229,ACM1
DB01148,P08172,ACM2
DB01149,P28223,5HT2A
DB01149,P31645,SC6A4
DB01149,P23975,SC6A2
DB01149,P35348,ADA1A
DB01149,P35368,ADA1B
DB01151,P11229,ACM1
DB01151,P23975,SC6A2
DB01151,P07550,ADRB2
DB01151,P08172,ACM2
DB01151,P31645,SC6A4
DB01151,P35367,HRH1
DB01151,P08588,ADRB1
DB01151,P17405,ASM
DB01154,P14867,GBRA1
DB01156,Q01959,SC6A3
DB01156,P23975,SC6A2
DB01157,P00374,DYR
DB01158,P08588,ADRB1
DB01158,P07550,ADRB2
DB01158,P05023,AT1A1
DB01159,P42261,GRIA1
DB01159,P14867,GBRA1
DB01159,P23415,GLRA1
DB01159,Q5SQR9,Q5SQR9
DB01159,P98194,AT2C1
DB01159,O15554,KCNN4
DB01159,P30049,ATPD
DB01159,P02768,ALBU
DB01159,P08100,OPSD
DB01159,P48051,IRK6
DB01159,P48549,IRK3
DB01159,P59768,GBG2
DB01159,Q6W5P4,NPSR1
DB01160,P43119,PI2R
DB01161,Q9Y5Y9,SC10A
DB01161,Q9GZZ6,ACH10
DB01161,Q01959,SC6A3
DB01161,Q8TCU5,NMD3A
DB01161,P46098,5HT3R
DB01162,P35348,ADA1A
DB01162,P35368,ADA1B
DB01162,P25100,ADA1D
DB01165,P11388,TOP2A
DB01166,Q07343,PDE4B
DB01166,P27815,PDE4A
DB01166,Q14432,PDE3A
DB01167,P08183,MDR1
DB01167,Q16850,CP51A
DB01169,O14920,IKKB
DB01169,P05231,IL6
DB01169,P05412,JUN
DB01169,P08183,MDR1
DB01169,P27361,MK03
DB01169,P28482,MK01
DB01169,P31749,AKT1
DB01169,P98194,AT2C1
DB01170,P35348,ADA1A
DB01170,P18825,ADA2C
DB01170,P23975,SC6A2
DB01170,P25100,ADA1D
DB01170,P08913,ADA2A
DB01170,P18089,ADA2B
DB01170,P35368,ADA1B
DB01171,P21397,AOFA
DB01173,Q05586,NMDZ1
DB01173,O15399,NMDE4
DB01173,O60391,NMD3B
DB01173,Q8TCU5,NMD3A
DB01173,P35367,HRH1
DB01173,Q14097,Q14097
DB01174,P14867,GBRA1
DB01175,P31645,SC6A4
DB01176,P35367,HRH1
DB01176,P20309,ACM3
DB01176,P11229,ACM1
DB01176,P08172,ACM2
DB01177,P11388,TOP2A
DB01179,P11388,TOP2A
DB01180,P12821,ACE
DB01181,P26358,DNMT1
DB01182,Q14524,SCN5A
DB01182,Q12809,KCNH2
DB01182,P08183,MDR1
DB01183,P35372,OPRM
DB01183,P03372,ESR1
DB01183,P16220,CREB1
DB01183,P41143,OPRD
DB01184,P14416,DRD2
DB01185,P03372,ESR1
DB01185,P10275,ANDR
DB01185,P16471,PRLR
DB01186,P14416,DRD2
DB01186,P21728,DRD1
DB01188,P16050,LOX15
DB01188,P23219,PGH1
DB01188,P35354,PGH2
DB01189,P98194,AT2C1
DB01189,P23415,GLRA1
DB01189,P42261,GRIA1
DB01189,P14867,GBRA1
DB01189,Q09470,KCNA1
DB01189,P30049,ATPD
DB01191,P31645,SC6A4
DB01191,P28222,5HT1B
DB01191,P28335,5HT2C
DB01192,P35372,OPRM
DB01193,P08588,ADRB1
DB01194,P00915,CAH1
DB01194,P00918,CAH2
DB01195,Q14524,SCN5A
DB01196,Q92731,ESR2
DB01196,P03372,ESR1
DB01196,P08183,MDR1
DB01197,P22966,ACET
DB01197,P02768,ALBU
DB01197,P05023,AT1A1
DB01197,P12821,ACE
DB01199,Q15822,ACHA2
DB01199,P22303,ACES
DB01199,P46098,5HT3R
DB01200,P14416,DRD2
DB01200,P05184,CP3A3
DB01200,P16220,CREB1
DB01200,P51828,ADCY7
DB01200,P61278,SMS
DB01202,P35498,SCN1A
DB01202,P00915,CAH1
DB01202,O43497,CAC1G
DB01202,Q7L0J3,SV2A
DB01203,P08588,ADRB1
DB01203,P07550,ADRB2
DB01204,P11388,TOP2A
DB01204,Q9UNQ0,ABCG2
DB01205,P14867,GBRA1
DB01207,O14987,O14987
DB01207,P21731,TA2R
DB01208,P11388,TOP2A
DB01209,P35372,OPRM
DB01209,P41145,OPRK
DB01210,P08588,ADRB1
DB01210,P07550,ADRB2
DB01213,P07327,ADH1A
DB01213,P00325,ADH1B
DB01213,P00326,ADH1G
DB01213,P04040,CATA
DB01214,P08588,ADRB1
DB01214,P07550,ADRB2
DB01216,P10275,ANDR
DB01217,P11511,CP19A
DB01218,Q12809,KCNH2
DB01219,P21817,RYR1
DB01219,P02768,ALBU
DB01221,Q8TCU5,NMD3A
DB01221,P25103,NK1R
DB01222,P04150,GCR
DB01223,Q14432,PDE3A
DB01223,P33765,AA3R
DB01223,P30542,AA1R
DB01224,P28223,5HT2A
DB01224,P28335,5HT2C
DB01224,P14416,DRD2
DB01224,P41595,5HT2B
DB01224,P08908,5HT1A
DB01224,P21728,DRD1
DB01224,P35368,ADA1B
DB01224,P35367,HRH1
DB01225,P01008,ANT3
DB01225,P00734,THRB
DB01225,P00742,FA10
DB01226,Q15822,ACHA2
DB01226,P08172,ACM2
DB01227,P35372,OPRM
DB01228,Q14524,SCN5A
DB01229,Q9H4B7,TBB1
DB01231,P08172,ACM2
DB01231,P11229,ACM1
DB01231,P20309,ACM3
DB01232,P01375,TNFA
DB01232,P02768,ALBU
DB01232,P08183,MDR1
DB01232,P33527,MRP1
DB01232,Q92887,MRP2
DB01232,Q9UNQ0,ABCG2
DB01233,P11229,ACM1
DB01233,P14416,DRD2
DB01234,P04150,GCR
DB01234,P04083,ANXA1
DB01234,P35228,NOS2A
DB01234,P48061,SDF1
DB01234,P51843,DAX1
DB01234,P19838,NFKB1
DB01235,P21728,DRD1
DB01235,P14416,DRD2
DB01235,P21964,COMT
DB01235,P00439,PH4H
DB01236,P98194,AT2C1
DB01236,P23415,GLRA1
DB01236,P42261,GRIA1
DB01236,P14867,GBRA1
DB01236,Q09470,KCNA1
DB01236,P30049,ATPD
DB01237,P35367,HRH1
DB01238,P14416,DRD2
DB01238,P08908,5HT1A
DB01238,P28223,5HT2A
DB01239,P21728,DRD1
DB01239,P14416,DRD2
DB01239,P35462,DRD3
DB01239,P28223,5HT2A
DB01239,P41595,5HT2B
DB01239,P28335,5HT2C
DB01239,P35367,HRH1
DB01240,Q9H244,P2Y12
DB01240,P35354,PGH2
DB01240,P43119,PI2R
DB01241,P06858,LIPL
DB01241,Q07869,PPARA
DB01241,Q9Y6L6,SO1B1
DB01242,P31645,SC6A4
DB01242,P23975,SC6A2
DB01242,Q5TZY3,Q5TZY3
DB01242,P28223,5HT2A
DB01244,O00555,CAC1A
DB01244,Q14524,SCN5A
DB01244,P05023,AT1A1
DB01244,P51787,KCNQ1
DB01244,P63316,TNNC1
DB01244,P62158,CALM
DB01245,Q15822,ACHA2
DB01245,P22303,ACES
DB01246,P35367,HRH1
DB01247,P21397,AOFA
DB01247,P27338,AOFB
DB01248,Q9H4B7,TBB1
DB01252,Q09428,ABCC8
DB01252,Q14654,IRK11
DB01254,P00519,ABL1
DB01254,P42684,ABL2
DB01254,P12931,SRC
DB01254,P06241,FYN
DB01254,P06239,LCK
DB01254,P07947,YES
DB01254,P10721,KIT
DB01254,P09619,PGFRB
DB01254,P29317,EPHA2
DB01254,P51692,STA5B
DB01255,P35348,ADA1A
DB01255,P35368,ADA1B
DB01255,Q01959,SC6A3
DB01258,P00797,RENI
DB01258,P01019,ANGT
DB01259,P00533,EGFR
DB01259,P04626,ERBB2
DB01260,P04083,ANXA1
DB01261,P27487,DPP4
DB01262,P26358,DNMT1
DB01267,P14416,DRD2
DB01267,P28223,5HT2A
DB01268,P09619,PGFRB
DB01268,P17948,VGFR1
DB01268,P35968,VGFR2
DB01268,P35916,VGFR3
DB01268,P10721,KIT
DB01268,P36888,FLT3
DB01268,P07333,CSF1R
DB01268,P16234,PGFRA
DB01268,P07949,RET
DB01273,P43681,ACHA4
DB01273,P36544,ACHA7
DB01274,P07550,ADRB2
DB01275,Q16853,AOC3
DB01275,P13674,P4HA1
DB01282,P30559,OXYR
DB01283,P35354,PGH2
DB01283,P23219,PGH1
DB01284,Q01718,ACTHR
DB01288,P07550,ADRB2
DB01291,P07550,ADRB2
DB01295,P08588,ADRB1
DB01297,P08588,ADRB1
DB01320,Q14524,SCN5A
DB01325,P55017,S12A3
DB01325,P00915,CAH1
DB01325,P00918,CAH2
DB01325,P22748,CAH4
DB01325,Q12791,KCMA1
DB01327,O15439,MRP4
DB01327,P02768,ALBU
DB01327,P27169,PON1
DB01328,P02768,ALBU
DB01329,P02768,ALBU
DB01337,Q15822,ACHA2
DB01338,Q15822,ACHA2
DB01342,P30556,AGTR1
DB01348,P12821,ACE
DB01353,P14867,GBRA1
DB01355,P14867,GBRA1
DB01355,Q9UBB5,MBD2
DB01359,P02763,A1AG1
DB01359,P08588,ADRB1
DB01359,P07550,ADRB2
DB01365,P35348,ADA1A
DB01366,P07550,ADRB2
DB01366,P01375,TNFA
DB01366,P01584,IL1B
DB01367,P27338,AOFB
DB01382,P48048,IRK1
DB01384,P08185,CBG
DB01388,O43497,CAC1G
DB01388,O95180,CAC1H
DB01388,Q13936,CAC1C
DB01388,Q02641,CACB1
DB01388,Q14524,SCN5A
DB01392,P08913,ADA2A
DB01392,P18089,ADA2B
DB01392,P18825,ADA2C
DB01393,Q07869,PPARA
DB01393,Q8TE04,PANK1
DB01393,P04035,HMDH
DB01394,Q9H4B7,TBB1
DB01394,P07437,TBB2
DB01394,O15553,MEFV
DB01394,P08183,MDR1
DB01395,P06401,PRGR
DB01395,P03372,ESR1
DB01396,P05023,AT1A1
DB01396,P02768,ALBU
DB01399,P23219,PGH1
DB01399,P35354,PGH2
DB01400,P22303,ACES
DB01403,P35462,DRD3
DB01403,P35367,HRH1
DB01403,P11229,ACM1
DB01403,P08172,ACM2
DB01403,P20309,ACM3
DB01403,P08173,ACM4
DB01403,P08912,ACM5
DB01403,P35348,ADA1A
DB01403,P35368,ADA1B
DB01403,P25100,ADA1D
DB01403,P41595,5HT2B
DB01406,P03372,ESR1
DB01406,P30968,GNRHR
DB01406,Q96P88,GNRR2
DB01406,P13500,CCL2
DB01407,P07550,ADRB2
DB01407,P01138,NGF
DB01407,P01375,TNFA
DB01408,P07550,ADRB2
DB01409,P20309,ACM3
DB01410,P08185,CBG
DB01411,P01375,TNFA
DB01411,P05113,IL5
DB01411,P12724,ECP
DB01411,P19838,NFKB1
DB01411,Q9Y271,CLTR1
DB01415,P46059,S15A1
DB01418,P02763,A1AG1
DB01418,P02768,ALBU
DB01427,Q07343,PDE4B
DB01427,P01375,TNFA
DB01427,Q14432,PDE3A
DB01430,P05023,AT1A1
DB01452,P35372,OPRM
DB01463,Q01959,SC6A3
DB01520,Q8TCU5,NMD3A
DB01520,O60391,NMD3B
DB01520,Q12879,NMDE1
DB01520,Q14957,NMDE3
DB01520,Q13224,NMDE2
DB01520,O15399,NMDE4
DB01520,Q05586,NMDZ1
DB01544,Q9BY64,UDB28
DB01544,P47869,GBRA2
DB01544,P48169,GBRA4
DB01544,P31644,GBRA5
DB01544,Q16445,GBRA6
DB01544,P34903,GBRA3
DB01558,P47869,GBRA2
DB01567,P47869,GBRA2
DB01576,P35348,ADA1A
DB01576,P35368,ADA1B
DB01576,Q01959,SC6A3
DB01577,P35348,ADA1A
DB01577,P35368,ADA1B
DB01579,P35348,ADA1A
DB01579,P35368,ADA1B
DB01580,P08588,ADRB1
DB01580,P07550,ADRB2
DB01586,P52895,AK1C2
DB01588,P14867,GBRA1
DB01589,P14867,GBRA1
DB01590,P42345,FRAP
DB01591,P20309,ACM3
DB01591,P11229,ACM1
DB01595,P14867,GBRA1
DB01597,P16444,DPEP1
DB01600,P35354,PGH2
DB01608,P35368,ADA1B
DB01608,P35348,ADA1A
DB01608,P25100,ADA1D
DB01613,P16066,ANPRA
DB01613,P20594,ANPRB
DB01615,P35367,HRH1
DB01618,P14416,DRD2
DB01619,P35367,HRH1
DB01620,P35367,HRH1
DB01624,P21728,DRD1
DB01624,P21918,DRD5
DB01624,P14416,DRD2
DB01628,P35354,PGH2
DB01873,Q13748,TBA2
DB01873,P07437,TBB2
DB01873,Q9H4B7,TBB1
DB01873,P68371,TBB2C
DB01873,P04350,TBB4
DB01873,P68366,TBA1
DB01873,Q13509,TBB3
DB01873,Q9BQE3,TBA6
DB01873,Q9NY65,TBA8
DB01873,Q99867,TBB4Q
DB01873,P68363,TBAK
DB01873,Q71U36,TBA3
DB02300,P11473,VDR
DB02546,Q13547,HDAC1
DB02546,Q92769,HDAC2
DB02546,O15379,HDAC3
DB02546,Q9BY41,HDAC8
DB02638,P37288,V1AR
DB02638,P30518,V2R
DB02638,P47901,V1BR
DB02709,P02766,TTHY
DB02709,P16083,NQO2
DB02709,P23219,PGH1
DB02709,P68400,CSK21
DB02709,P35354,PGH2
DB03010,Q13748,TBA2
DB03010,P07437,TBB2
DB03010,Q9H4B7,TBB1
DB03010,P68371,TBB2C
DB03010,P04350,TBB4
DB03010,P68366,TBA1
DB03010,Q13509,TBB3
DB03010,Q9BQE3,TBA6
DB03010,Q9NY65,TBA8
DB03010,Q99867,TBB4Q
DB03010,P68363,TBAK
DB03010,Q71U36,TBA3
DB03496,P50613,CDK7
DB03496,Q00535,CDK5
DB03496,P50750,CDK9
DB03496,P06493,CDC2
DB03496,Q00534,CDK6
DB03496,P00533,EGFR
DB03496,O75100,O75100
DB03496,P11802,CDK4
DB03496,P49336,CDK8
DB03496,P24941,CDK2
DB03783,P23219,PGH1
DB03925,P08246,ELNE
DB04552,P51800,CLCKA
DB04573,P03372,ESR1
DB04575,P03372,ESR1
DB04690,P11387,TOP1
DB04711,P02768,ALBU
DB04786,Q9NXA8,SIRT5
DB04786,P00734,THRB
DB04786,P41231,P2RY2
DB04817,P23219,PGH1
DB04832,P31645,SC6A4
DB04835,P51681,CCR5
DB04836,P23975,SC6A2
DB04836,P31645,SC6A4
DB04837,P35367,HRH1
DB04839,P10275,ANDR
DB04840,P35348,ADA1A
DB04840,P18825,ADA2C
DB04840,P25100,ADA1D
DB04840,P08913,ADA2A
DB04840,P18089,ADA2B
DB04840,P35368,ADA1B
DB04840,P23975,SC6A2
DB04841,P35367,HRH1
DB04841,O43497,CAC1G
DB04841,O95180,CAC1H
DB04841,Q9P0X4,CAC1I
DB04841,P62158,CALM
DB04842,P14416,DRD2
DB04843,Q8TDS4,G109A
DB04843,P49019,G109B
DB04844,Q05940,VMAT2
DB04861,P08588,ADRB1
DB04878,O43451,MGA
DB04880,Q14432,PDE3A
DB04890,P35367,HRH1
DB04894,P25103,NK1R
DB04896,P31645,SC6A4
DB04896,P23975,SC6A2
DB04898,P00734,THRB
DB04942,P10276,RARA
DB04942,P10826,RARB
DB04948,P08913,ADA2A
DB04948,P18089,ADA2B
DB04948,P18825,ADA2C
DB04967,P11388,TOP2A
DB04967,P27695,APEX1
DB04967,P11387,TOP1
DB06144,P28223,5HT2A
DB06144,P28335,5HT2C
DB06144,P14416,DRD2
DB06144,P35348,ADA1A
DB06144,P35368,ADA1B
DB06144,P25100,ADA1D
DB06144,Q12809,KCNH2
DB06144,P50406,5HT6R
DB06148,P35367,HRH1
DB06148,P08913,ADA2A
DB06148,P28223,5HT2A
DB06148,P28335,5HT2C
DB06155,P21554,CNR1
DB06196,P30411,BKRB2
DB06262,P00439,PH4H
DB06262,P23975,SC6A2
DB06262,P35348,ADA1A
DB06262,P35368,ADA1B
DB06262,P25100,ADA1D
DB06262,P08913,ADA2A
DB06262,P18089,ADA2B
DB06262,P18825,ADA2C
DB06262,P08588,ADRB1
DB06262,P07550,ADRB2
DB06262,P13945,ADRB3
DB06267,O76074,PDE5A
DB06274,P35372,OPRM
DB06285,Q03431,PTHR1
DB06287,P42345,FRAP
DB06288,P14416,DRD2
DB06288,P35462,DRD3
DB06692,P07477,TRY1
DB06692,P17538,CTRB1
DB06692,P00747,PLMN
DB06692,P06870,KLK1
